Player Name,CON Score,PageRank,Elo
MagnusCarlsen,0.7367798796216681,0.41394805533710183,1.0
lupta_robin,0.021012467755803954,0.07524944530748397,0.8016903108964685
Macron20hTF1,0.017841788478073946,0.027335734801884063,0.7739209175973438
Oleksandr_Bortnyk,0.9356728288907996,0.8644084160934911,0.9390280712345307
mishanick,0.9155202063628547,0.8074360589845169,0.9169936613341383
Lady_Nika,0.01101676698194325,0.05907982377267977,0.7666767280410504
Shield12,0.2513435081685297,0.4236446020191373,0.891035315424087
noblerone,0.0,0.04609106751944116,0.7666767280410504
MITerryble,0.5967325881341359,0.6824333210875206,0.9088439480833082
Itay121,0.0,0.08651682253181213,0.7633564744944159
Silent-Killer100,0.008867153912295787,0.03798913634876806,0.7872019317838816
wonderfultime,0.641444539982803,0.5458425091310536,0.9305765167521883
Robert_Chessmood,0.024720550300945828,0.03902741877368932,0.9070329006942348
Schattman,0.0,0.05818850853097276,0.7618472683368548
Prizant_academy,0.21651977644024076,0.2638255302697664,0.9607606399034108
DanylaBagrov,0.00661006018916595,0.043171100328230363,0.7796559009960761
Skatchkov_V,0.0011285468615649184,0.07631924984606878,0.8457591306972533
Polish_fighter3000,0.7928310404127257,0.5112282168364415,0.9227286447328705
Bykov_Egor,0.012199054170249355,0.09811829307866583,0.8110473890733474
DenLaz,0.6209157351676698,0.6441026476177881,0.936915182613945
GlavkonVVS,0.020958727429062768,0.10541175005850155,0.8071234530636885
Firouzja2003,0.7725171969045572,0.37464767042607033,0.9622698460609719
xasid81,0.014456147893379193,0.1271852115474007,0.8047087232115907
Jospem,1.0,0.8223000687316968,0.9363115001509206
Zavgorodniy_Sergiy,0.025956577815993122,0.062105883460350106,0.7814669483851494
Yeritsyaan,0.02310834049871023,0.05571968644589144,0.8025958345910051
Msb2,0.8503331900257953,0.8780704713821393,0.9393299124660429
Baku_Boulevard,0.15299871023215822,0.08158623908977088,0.9465741020223363
manitodeplomo,0.008114789337919174,0.16254357399995165,0.7923332327195894
krstulov_alex,0.00456792777300086,0.0562347008208536,0.7920313914880772
Azerichess,0.12731083404987104,0.16284917667429052,0.9145789314820404
Mikasinski,0.04299226139294927,0.10922146140626648,0.8019921521279807
Rud_Makarian,0.63451203783319,0.8122751406163181,0.9094476305463326
NelsonLinda,0.010855546001719691,0.048423280846796646,0.8155750075460307
shimastream,0.43250214961306965,0.6288156043848535,0.9130697253244793
Ginger_GM,0.017949269131556318,0.11574566040303315,0.8028976758225174
Sanan_Sjugirov,0.42363499570077384,0.7889561180809905,0.8846966495623302
Alexei_Gubajdullin,0.07840713671539123,0.14235784007323635,0.8270449743434953
profedechess93,0.009673258813413585,0.0677400397287443,0.7941442801086629
Sina_Movahed,0.2628976784178848,0.358651292374625,0.9188047087232116
yaguigor,0.0,0.06982639950698229,0.786296408089345
Aslanov_Umid,0.0035468615649183145,0.046788228818588774,0.809236341684274
Beca95,0.3802665520206363,0.33284917960122545,0.9025052822215515
edgarhay012,0.012037833190025795,0.13803941625508284,0.8216118321762753
yosephtaher,0.06760533104041272,0.12124998288283656,0.8849984907938424
slorovel,0.0,0.06240239275631348,0.7974645336552973
Dixit_Nikhil,0.005588993981083405,0.04334151646677998,0.8155750075460307
FGHSMN,0.18094368013757522,0.2778208325732257,0.8623603984304256
Durarbayli,0.40917884780739466,0.7256038220839272,0.8828856021732568
Djager97,0.025257953568357694,0.05591715079491073,0.7570178086326592
Hikaru,0.967164660361135,0.38983474610981106,0.9888318744340477
chessdjw,0.05777085124677558,0.11577343112352138,0.8228191971023242
Mops_2004,0.088134135855546,0.32289305480339187,0.8330817989737398
CSB7,0.0757201203783319,0.1338958878917056,0.8370057349833987
Aradhya2000,0.07426913155631987,0.12715938384970077,0.8412315122245698
blitzking1729,0.09925838349097163,0.1375141783823495,0.8517959553274977
KogotBobra17,0.033157781599312125,0.1191410696466448,0.8563235738001811
Makswolf200817,0.09426053310404127,0.23256638664581508,0.8330817989737398
Rodalquilar,0.1402085124677558,0.3089278372732545,0.8385149411409598
TheBigBoss04,0.0316530524505589,0.08186031209740828,0.8288560217325687
Anton_Demchenko,0.2800408426483233,0.3932113308771351,0.8747358889224268
ValentinDragnev,0.01622957867583835,0.04657892866776996,0.830667069121642
Harry_Rakkel,0.03514617368873603,0.11395896187239893,0.8237247207968609
wqws,0.04009028374892519,0.1220808529615131,0.8680953818291579
Korchmar_Vasiliy,0.14047721410146174,0.23809044020873155,0.8182915786296409
SAInt_666,0.016659501289767842,0.054157091812835734,0.8421370359191066
LiamPutnam2008,0.00661006018916595,0.07435984565002653,0.913975249019016
Sl4werThanYou,0.016122098022355976,0.1081967953971191,0.8240265620283731
Incognito_Knight,0.037564488392089423,0.08034915084519412,0.8508904316329611
Mikhail_Bryakin,0.07088349097162511,0.2007152716468129,0.8729248415333535
XDPS,0.06841143594153053,0.18103530957355818,0.8487775430123755
Hamisandwich,0.01886285468615649,0.1267916006117013,0.8370057349833987
eljanov,0.18481298366294066,0.252452234044019,0.8638696045879867
MetiForce,0.0909823731728289,0.1056444938926464,0.8961666163597948
FairChess_on_YouTube,0.9270206362854686,0.8231698403517625,0.9248415333534561
Kiborg95,0.14036973344797937,0.2954781322330472,0.8569272562632055
superchess02,0.07684866723989682,0.14961840910177265,0.8949592514337459
maciek_92,0.12048581255374033,0.13915054650807182,0.8768487775430124
BardArtem,0.12349527085124677,0.3195085130003093,0.8530033202535466
GOGIEFF,0.25591143594153054,0.2176804323578214,0.9145789314820404
onyshchuk_v,0.07029234737747206,0.18829139601810693,0.869604587986719
Nemegejas,0.030524505588993982,0.10998773637427273,0.8792635073951102
MyDream003,0.08840283748925193,0.21208803440326882,0.8883187443404769
AlexeiShirov,0.13607050730868445,0.38473400099671223,0.8517959553274977
vovachesss,0.021012467755803954,0.10550983092423814,0.8481738605493511
KNVB,0.1326848667239897,0.24400576126005008,0.8493812254754
Lukianoo,0.028536113499570078,0.11798181849978184,0.8846966495623302
stollenmonster,0.15595442820292346,0.3612313636478679,0.881678237247208
KuzubovYuriy,0.18803740326741186,0.4179333848697048,0.8973739812858437
Radzio1987,0.01966895958727429,0.08324044537229533,0.8747358889224268
lilleper1,0.05895313843508169,0.12336784520318825,0.8729248415333535
viviania,0.029503439380911437,0.05395397126383489,0.8765469363115002
Alexander_Donchenko,0.12639724849527084,0.11365236235842603,0.8762450950799879
Andrey_Klymchuk,0.03068572656921754,0.08386441891118333,0.8342891638997887
promen1999,0.04691530524505589,0.03974011954497745,0.8765469363115002
vladislavkovalev,0.29143379191745483,0.3206320398783547,0.8677935405976457
GoltsevDmitry2000,0.09108985382631127,0.3725020344185664,0.8457591306972533
ELECTRODYNAMIC_DRACULA,0.045894239036973344,0.22720597174500812,0.8705101116812557
Byniolus,0.21743336199484092,0.4028266245787278,0.8578327799577422
artin10862,0.28826311263972487,0.4231460743881618,0.8934500452761848
Suleyman_Chess06,0.02660146173688736,0.09851162107721224,0.8276486568065198
GMKrikor,0.1855116079105761,0.3222368356222578,0.8623603984304256
ViIIagra,0.24467970765262254,0.16878470029413978,0.8883187443404769
Yaacovn,0.06792777300085985,0.2566993129946734,0.8904316329610625
JiaHaoxiang,0.007684866723989682,0.049434509291746205,0.8013884696649562
Rurep26,0.029825881341358555,0.03382290048749637,0.8031995170540296
only_strong_moves,0.018916595012897677,0.1422607912606439,0.8318744340476909
MarkusRagger,0.040036543422184004,0.1523195841719573,0.8584364624207667
ilqar_74,0.0264402407566638,0.15395329281738046,0.8599456685783278
RobertoJBM,0.061210232158211524,0.11023172737678864,0.8677935405976457
bascheyaro,0.12677343078245915,0.15321051366417235,0.8499849079384244
sokidze,0.09753869303525366,0.14867085393773163,0.8804708723211591
Elegance_Riks,0.0011285468615649184,0.048423381188120236,0.8243284032598853
A-Fier,0.043153482373172826,0.07663650535308467,0.8418351946875944
Bauman_Guy,0.26784178847807394,0.3491949300645172,0.8774524600060368
TigrVShlyape,0.5858770421324162,1.0,0.8650769695140356
rezamahdavi2008,0.19566852966466036,0.3366925816694017,0.907334741925747
stolencandy13,0.003654342218400688,0.04192977976357768,0.8210081497132509
Vahe_Danielyan,0.04138005159071367,0.05828697752119234,0.8188952610926653
moro182,0.1546109200343938,0.3561741401379683,0.8756414126169635
temus_galaktionov,0.0817390369733448,0.3301014714652584,0.8611530335043767
jcibarra,0.5305782459157352,0.8958457725039006,0.896468457591307
scarabee43,0.17938521066208082,0.23303747274616135,0.8780561424690613
Witik,0.0949591573516767,0.1665640973052885,0.8536070027165711
Iball95,0.14676483233018056,0.25412046728494647,0.8493812254754
Zhigalko_Sergei,0.6131771281169389,0.9696563620582119,0.8789616661635979
Rashad_Zeynalli,0.0044604471195184865,0.04658985434623099,0.8007847872019318
Matibar,0.04906491831470335,0.09001103515494407,0.8511922728644733
ChessFighter_2011,0.03761822871883061,0.04161843861144734,0.8988831874434048
Aygehovit1992,0.1983555460017197,0.2724605946877187,0.8219136734077875
eagleclaw07,0.010371883061049011,0.07764057106569296,0.8430425596136433
FXDon77,0.11801375752364575,0.15814068769599327,0.8798671898581346
Gabrielian_Artur,0.05734092863284609,0.18377337856370185,0.8502867491699366
sergoy,0.3969797936371453,0.36385300462023273,0.8922426803501359
jumpingknight20,0.03202923473774721,0.08473141977717447,0.8557198913371566
Revan_2002,0.021173688736027516,0.24529704782227893,0.8291578629640809
francyIM,0.025741616509028373,0.0774143879511505,0.8922426803501359
djokovic74,0.013273860705073087,0.04358181178222162,0.8680953818291579
Alen_Yeremyann,0.030040842648323303,0.09027464083634586,0.8499849079384244
Kirill_Klukin,0.15358985382631127,0.524230513095008,0.8795653486266224
ChessQueen,0.05460017196904557,0.10916977836827536,0.8237247207968609
Fy_Rakotomaharo,0.021442390369733447,0.037612480188010104,0.8370057349833987
ozates,0.032351676698194325,0.10693171457510198,0.7953516450347118
Bigfish1995,0.32480653482373173,0.3710422499060464,0.9248415333534561
Stanbad1,0.00865219260533104,0.06262703320528695,0.7814669483851494
Practical-Play,0.008490971625107481,0.05098988004589459,0.7718080289767583
whiteglovethief,0.0,0.047277012817487994,0.8031995170540296
Herman-NY,0.0045141874462596735,0.03891873534512346,0.8013884696649562
toninhojit,0.0,0.06934970461073041,0.753999396317537
Truequitos,0.007254944110060189,0.06707030616183822,0.7706006640507094
hakanazeri2,0.05653482373172829,0.17061368344276212,0.8234228795653487
h4parah5,0.31884135855546003,0.4149153176249632,0.8892242680350135
djano,0.02660146173688736,0.11006348619769042,0.7914277090250528
KashJinx,0.010049441100601892,0.040709698098042514,0.8041050407485663
AradNazari,0.13838134135855545,0.18404974158328902,0.8514941140959855
1mbl4,0.007846087704213241,0.0826754050519126,0.7953516450347118
AnishOnYoutube,0.17041057609630267,0.2316411695237672,0.934198611530335
SashaKuzhilniy,0.010586844368013758,0.04427346728981603,0.7911258677935405
chess94cu,0.014402407566638005,0.044771344142201415,0.7974645336552973
GeorgiosSouleidis,0.004675408426483233,0.06694487546403854,0.8059160881376396
GM_dmitrij,0.3580717970765262,0.4282650907769112,0.9061273769996981
LeRoidesChampions,0.01117798796216681,0.030448581411588384,0.7887111379414428
Gennady_Kozlov,0.009458297506448839,0.05788806424927646,0.801086628433444
jinbojinbo,0.021173688736027516,0.0641849580535012,0.8095381829157863
BilodeauA,0.22162510748065348,0.33842692616605574,0.9064292182312104
Emp3rador,0.007631126397248496,0.07113137722701149,0.7938424388771507
Macho_2006,0.17379621668099743,0.2182984925949173,0.8892242680350135
SmirnovAlexandrA,0.0,0.04214826486445148,0.7748264412918805
Vladimir_Zakhartsov,0.1562768701633706,0.2957812484869005,0.877754301237549
Mikhail_Golubev,0.022141014617368875,0.17916360358388422,0.7841835194687594
gurelediz,0.07722484952708512,0.09016054245527896,0.9215212798068216
Elprofessor21,0.016014617368873604,0.04765865403642722,0.8161786900090552
Binary010,0.04331470335339639,0.20120384508411376,0.8756414126169635
Kezin_Roman,0.0,0.03465322381268402,0.8840929670993057
Grischuk,0.5660468615649183,0.47058490273392295,0.9230304859643828
DavidGavrilescu18,0.021657351676698196,0.07885262163466158,0.8481738605493511
vasblesk,0.04035898538263113,0.09860013532677692,0.84666465439179
MarcoRiehle,0.07915950128976784,0.1509589591919227,0.8554180501056444
CarlosjPineror,0.057233447979363715,0.20989159818799064,0.8228191971023242
DrVelja,0.1819110060189166,0.2562427806937171,0.8943555689707214
Evgeny81,0.031545571797076524,0.15353108967595386,0.8412315122245698
IMchanged,0.008383490971625107,0.06439852594794922,0.8514941140959855
The_Machine04,0.06126397248495271,0.14823411757878266,0.8385149411409598
lamomiajunior,0.08104041272570937,0.3001851424833485,0.8367038937518865
tptagain,0.3671001719690456,0.6254586507677092,0.9040144883791126
chito89,0.09888220120378331,0.06804055046566232,0.8792635073951102
MatthewG-p4p,0.2948731728288908,0.6601222794016561,0.889827950498038
iwanyu,0.04250859845227859,0.07651528630313975,0.8587383036522789
kpio91,0.04761392949269132,0.07080106126577382,0.8584364624207667
ValentunHulka,0.03213671539122958,0.07896955910529141,0.8590401448837911
Abund,0.13553310404127258,0.23027741517634687,0.825233926954422
DonkyDonkyDonkey,0.07276440240756664,0.2434449815495696,0.8810745547841835
Franmu14,0.024021926053310404,0.0932273717736687,0.7872019317838816
baki83,0.20614789337919173,0.46939010439828494,0.8720193178388168
TenisMaster,0.07437661220980224,0.16889475485137107,0.8804708723211591
GothamChess,0.0909823731728289,0.2994372509585986,0.8557198913371566
nekotyanof,0.010371883061049011,0.07014935398086826,0.838816782372472
ContrVersia,0.17213026655202063,0.23535351824503276,0.8566254150316933
bardiya_Daneshvar,0.09743121238177128,0.0812019931524577,0.915182613945065
bescmelasti,0.0,0.05047303885687581,0.7959553274977362
tjychess,0.018056749785038694,0.045105944326431786,0.8717174766073046
Vaathi_Coming,0.2715498710232158,0.23518795615636368,0.8856021732568669
artooon,0.30588993981083407,0.40342010584013704,0.9281617869000905
carokannlover213,0.044067067927773,0.15169226334976826,0.86024750980984
Shankland,0.17739681857265693,0.39135295021884015,0.8762450950799879
DreamsAreFake,0.03557609630266552,0.0783054222271396,0.8194989435556898
platy3,0.22855760963026656,0.5095298072864682,0.9109568367038937
RealPerangel,0.004836629406706793,0.07534630568287841,0.8261394506489587
Karttunen,0.026655202063628546,0.09104000984410275,0.8143676426199818
GaiozNigalidze,0.05535253654342218,0.14942244819955072,0.8324781165107153
alexrustemov,0.22178632846087704,0.6536641466604689,0.875037730153939
BogdanDeac,0.7223237317282889,0.806818010910304,0.9375188650769695
dropstoneDP,0.7568787618228718,0.8110352167255792,0.9112586779354059
mind1mover,0.04514187446259673,0.08604062501880509,0.8481738605493511
IlanSchnaider,0.08324376612209802,0.21041054879902865,0.8638696045879867
KnightDuta,0.016283319002579535,0.08058726995300566,0.8161786900090552
rasmussvane,0.48828460877042135,0.8252617880837255,0.8877150618774524
Arash_Tahbaz,0.02047506448839209,0.029103727148204334,0.8756414126169635
DominguezOnYoutube,0.22941745485812554,0.4598051187475303,0.8958647751282826
snowlord,0.17320507308684438,0.22169404056849926,0.8846966495623302
SpeedofLight0,0.5009673258813414,0.4555335909526488,0.9390280712345307
Gravity_Chess,0.02504299226139295,0.0683505330852649,0.8439480833081799
Sam_ChessMood,0.15068787618228718,0.24134879392966668,0.8831874434047691
mbojan,0.2981513327601032,0.4762728542374612,0.889827950498038
Arystanner,0.10328890799656062,0.24595264256352697,0.8729248415333535
kleinebeer98,0.19642089423903697,0.2503316001414225,0.8756414126169635
Kildepiotr,0.048473774720550304,0.10461255336596907,0.8255357681859342
CaspiIsrael,0.007362424763542563,0.06821795536427448,0.8288560217325687
Zurability,0.0705073086844368,0.1455798407489853,0.8167823724720796
viditchess,0.08625322441960447,0.10863303315986997,0.9094476305463326
chessllermo,0.006072656921754085,0.08275766432684739,0.7606399034108059
FabianoCaruana,0.5472914875322442,0.517906485826274,0.9360096589194083
komogro,0.004836629406706793,0.055881357567874414,0.7651675218834892
FARIZA2018,0.0026332760103181425,0.05488572505206702,0.7908240265620283
Ginzburg_Yakov,0.008276010318142735,0.03903342179749588,0.7775430123754905
Bilan_Danila,0.0,0.050060249656444046,0.786296408089345
amintabatabaei,0.20625537403267413,0.12883197327753146,0.934198611530335
marcodobrikov,0.012252794496990542,0.049037033249559436,0.819800784787202
Noki102,0.009888220120378332,0.055013184164651605,0.7546030787805614
Salem-AR,0.1369840928632846,0.20098876748859182,0.936915182613945
CristianS27,0.0,0.049562811448425684,0.771506187745246
nihalsarin,0.719475494411006,0.362996523413191,0.9692121943857531
SharapovEvgeny,0.018164230438521067,0.043485782074914554,0.7944461213401751
Boundless_Strike,0.061049011177987965,0.14980526069758474,0.7853908843948083
HansOnTwitch,0.4677020636285469,0.4799015600932226,0.9441593721702385
Hasangatin_Ramil,0.04170249355116079,0.05090042093739631,0.8161786900090552
temiksmozg,0.003976784178847808,0.035682337547186645,0.8207063084817386
Yan_Dyomin2010,0.02267841788478074,0.09581744736669988,0.8436462420766677
ansko1999,0.003869303525365434,0.11358242594039451,0.8025958345910051
MKlose11,0.028213671539122957,0.07952533004876182,0.8080289767582252
LiemLe,0.38241616509028376,0.343377903879896,0.9185028674916994
HajiyevKanan,0.010318142734307825,0.07221363404014243,0.7690914578931483
SirStrateg,0.002687016337059329,0.06889117944678479,0.7962571687292485
viktorskliarov,0.012306534823731728,0.06290020838820463,0.8222155146392998
tetrix83,0.0066638005159071366,0.07111965345652432,0.7730153939028072
ArmanGhevondyanchess,0.009565778159931213,0.09060777607321213,0.7838816782372472
FoggyMorning,0.0003761822871883061,0.10422232581661965,0.809236341684274
JSPrepz,0.09587274290627687,0.18395047540966003,0.8445517657712044
the_chess_child,0.1069432502149613,0.07428314311782791,0.8702082704497435
GMSrinath,0.051751934651762685,0.09200177214091658,0.8783579837005735
GMG,0.13639294926913156,0.22783139779539552,0.836100211288862
LevonAronian,0.3072871883061049,0.30350257402557324,0.9172955025656505
Agibileg,0.055191315563198624,0.14412147932714767,0.8071234530636885
frederiksvane,0.3111564918314703,0.3992378550718738,0.9236341684274072
NikitaShandrygin,0.01714316423043852,0.24662700431762755,0.8113492303048596
The_Sherman_Variation,0.004944110060189166,0.050600462800492636,0.7844853607002716
GHANDEEVAM2003,0.5104793637145314,0.5311101791053013,0.9188047087232116
ulises2013,0.0033319002579535683,0.25758034340959707,0.8460609719287655
OparinGrigoriy,0.48575881341358557,0.724202781617906,0.931482040446725
Seochesspie,0.12274290627687016,0.21242432779555087,0.8584364624207667
AlmasRakhmatullaev,0.08888650042992262,0.17650352797079505,0.8699064292182312
Szparu,0.23860705073086844,0.34200684427272476,0.8641714458194989
AlexKhripachenko,0.0140262252794497,0.039738173858814584,0.8545125264111078
AryanTari,0.330932932072227,0.5536941756247684,0.8985813462118926
BigAl,0.01956147893379192,0.07183376578398469,0.7654693631150015
David_Arutinian,0.030954428202923472,0.04734996437176573,0.8560217325686689
Nimrod_Veinberg,0.03546861564918315,0.056288748409469874,0.8560217325686689
Meri-Arabidze,0.03681212381771281,0.18940303524078084,0.8107455478418352
Statham,0.029019776440240758,0.2477081296386413,0.8125565952309085
Nitzan_Steinberg,0.10441745485812554,0.24938041535730443,0.8774524600060368
IM_ArthurDW08,0.05997420464316423,0.11630098226289484,0.8400241472985209
Susal_De_Silva,0.016175838349097162,0.04533141218063466,0.8351946875943254
Timerkhanov,0.03321152192605331,0.08482989605666927,0.780863265922125
Kobalia,0.03401762682717111,0.1356124476318567,0.842740718382131
VerdeNotte,0.05868443680137575,0.04341536552858782,0.866888016903109
Zohid6,0.1369840928632846,0.24742350431570337,0.8928463628131603
Flawless_Fighter,0.017573086844368015,0.17734293786012661,0.8364020525203743
FaustinoOro,0.04610920034393809,0.1270393223278976,0.9185028674916994
Fh2411,0.0060189165950128975,0.07225798745604181,0.7914277090250528
ural58,0.02063628546861565,0.04608386635110965,0.7582251735587081
jefferyx,0.6964746345657782,0.6851773912397459,0.9257470570479928
MFatigue,0.000913585554600172,0.03995173764593295,0.7669785692725626
Journey_to_GrandMaster_YT,0.006126397248495271,0.03976710400417767,0.8164805312405674
DishonorOnYourCow,0.01305889939810834,0.05374867597371992,0.7561122849381225
WilsonPalencia21,0.0,0.0658278779772982,0.7536975550860248
Kostya0705,0.009028374892519347,0.0481962034062477,0.7479625716872925
subham777,0.009565778159931213,0.057204763620962135,0.7853908843948083
GP9isback23,0.014402407566638005,0.11978678181924195,0.827950498038032
Smoking_Crow,0.0088134135855546,0.0878633492755919,0.8490793842438877
LikeWater,0.06663800515907137,0.21792169219749918,0.8406278297615454
RandomNoob04,0.05653482373172829,0.1795089870623242,0.8185934198611531
Nf3c5,0.0132201203783319,0.07571047039548538,0.7935405976456384
Let_it_be_1,0.008759673258813414,0.05140241927046385,0.767582251735587
Airquake,0.013757523645743766,0.0924882224733517,0.8693027467552068
tusplingher,0.0023645743766122097,0.06670608695297474,0.7926350739511017
ViralduS,0.0008061049011177988,0.04228175958284434,0.7823724720796861
DuleMudule,0.07539767841788478,0.07788905061729703,0.8409296709930576
DamianoLew95,0.004675408426483233,0.10457108827285763,0.8321762752792031
jakopogi,0.02090498710232158,0.06570496711030296,0.8505885904014489
grzechu96,0.07018486672398969,0.1826293740761528,0.8261394506489587
TanitoluwaAps116,0.09818357695614789,0.23595911463842922,0.8641714458194989
NovakCabarkapa,0.0140262252794497,0.061237537493444946,0.8240265620283731
kids2010,0.02789122957867584,0.16926766109430183,0.8451554482342288
aa175,0.02391444539982803,0.11596615530140755,0.8880169031089646
biostatistician,0.014993551160791058,0.07912055608421753,0.7751282825233927
xxysoul6,0.10807179707652623,0.10459204826607775,0.9025052822215515
Antipov_Mikhail_Al,0.07545141874462596,0.13039194244452965,0.9028071234530637
Rakhmanov_Aleksandr,0.05664230438521066,0.10336306253474842,0.8523996377905222
Eagle_2019,0.11516552020636285,0.20862231558743116,0.8759432538484757
Keranke,0.012897678417884782,0.04345549064828402,0.9130697253244793
luckyswitchback,0.025419174548581256,0.056759682515947735,0.8300633866586176
PeshkaCh,0.07308684436801376,0.1404205611027743,0.85481436764262
Shtembuliak,0.027515047291487533,0.044466098527662076,0.8693027467552068
Nikolakis2014,0.04799011177987962,0.05294003318942719,0.8315725928161787
js20000,0.06583190025795357,0.14730923741153068,0.8077271355267129
wadsy27,0.01257523645743766,0.06679886937905749,0.8107455478418352
EddieMarsalla,0.0,0.058776554232418204,0.8406278297615454
klimkoj,0.07609630266552021,0.18121105416838268,0.884394808330818
GMAkobianSTL,0.06599312123817713,0.15526833969519654,0.8530033202535466
Fantastic_Power,0.03197549441100602,0.031850452277229754,0.8041050407485663
Fandorine,0.4106835769561479,0.5407187634614585,0.8825837609417446
Grandelicious,0.04976354256233878,0.08625348349982533,0.893751886507697
kuli4ik,0.12752579535683578,0.07606841927004158,0.8801690310896468
K_A_S_T_O_R,0.22640799656061908,0.32281368277437944,0.8566254150316933
Maxfan2008,0.01150042992261393,0.035047953369035864,0.8016903108964685
Rsnr,0.11049011177987962,0.17065225846536466,0.8958647751282826
praveenb2002,0.007846087704213241,0.05041032135777521,0.86296408089345
GalaxyRoman,0.011070507308684438,0.0667843776800724,0.85209779655901
LyonBeast,0.3515154772141015,0.15415997145431815,0.9432538484757018
Njal28,0.5963026655202064,0.5392760148779665,0.917899185028675
colegiodemadrid,0.0063413585554600175,0.05033328032146617,0.7642619981889526
rhungaski,0.014456147893379193,0.10396610632150377,0.7718080289767583
Giorno,0.0,0.03888843326687604,0.7482644129188047
Orest_Vovk,0.01886285468615649,0.08121407928330475,0.7609417446423181
secretworker2027,0.012628976784178847,0.11575977586941474,0.803803199517054
SaqoChess_Coach,0.09705503009458298,0.1290499712599874,0.7905221853305161
Jakhongir-Vakhidov,0.10167669819432502,0.1579503859052236,0.9061273769996981
Alexchess1984,0.019185296646603612,0.08271816522080604,0.8143676426199818
crazy_but_lazy,0.027622527944969905,0.13121487816872962,0.8019921521279807
Iskusnyh,0.014617368873602751,0.058798208915799025,0.7814669483851494
IamSchrodingersCat,0.007254944110060189,0.0658981822330126,0.8152731663145185
AaravDenglaOfficial,0.012414015477214102,0.07872510269521651,0.8122547539993963
mitrabhaa,0.1842218400687876,0.28585737623894214,0.8868095381829157
GMBenjaminBok,0.41917454858125536,0.38086842738859333,0.9284636281316028
Grossboss19,0.0008598452278589854,0.03824098631811367,0.7878056142469061
abhidabhi,0.04234737747205503,0.08258544498737275,0.8771506187745246
forevery0ung,0.016283319002579535,0.07215077537252808,0.8327799577422276
DeTimmerman,0.05019346517626827,0.15605999083831426,0.8288560217325687
DanielNaroditsky,0.6491294067067928,0.40784743365756665,0.9203139148807727
Individoom,0.029180997420464316,0.13885287395001422,0.8176878961666164
Wizard_97,0.0026332760103181425,0.03751463001087076,0.8207063084817386
ChristopherYoo,0.43368443680137575,0.4849944506592916,0.9076365831572593
Lestofante90,0.023699484092863286,0.09951925823391196,0.889827950498038
super_emi_26,0.000913585554600172,0.06687458816478314,0.8635677633564744
BestStelker,0.004675408426483233,0.03579578169484343,0.8276486568065198
MrTattaglia,0.02832115219260533,0.10068593023864127,0.8828856021732568
GianmarcoVaR,0.062446259673258814,0.16390858714889697,0.8650769695140356
ckgchess,0.14724849527085124,0.19488273857417676,0.8780561424690613
Angry_Twin,0.1870700773860705,0.24591707309585872,0.8985813462118926
Gareth-Bale11,0.0536865864144454,0.10170231366654256,0.8810745547841835
DeGrootteZ,0.014563628546861565,0.03796519605708844,0.8608511922728644
pheonixking2000,0.04390584694754944,0.15749855096317203,0.8810745547841835
vugarrasulov,0.45609415305245055,0.4290951992195679,0.8853003320253546
penguingm1,0.18078245915735167,0.46349911680064404,0.9000905523694537
vi_pranav,0.5666380051590714,0.5281584183741405,0.9366133413824328
Igor_Lysyj,0.07238822012037834,0.11983553599173188,0.8611530335043767
Brave_spirit12,0.006878761822871883,0.031142216666117717,0.8125565952309085
Ykow,0.03181427343078246,0.048285375516765906,0.8270449743434953
GMTalks_Youtube,0.003600601891659501,0.048099485738807124,0.8246302444913975
dretch,0.198731728288908,0.2561363218357608,0.8665861756715968
Legendinunknown,0.07862209802235598,0.1290833514056952,0.8493812254754
dcremisi,0.009189595872742906,0.044952726586871446,0.7944461213401751
santosalberto1987,0.0054277730008598455,0.047156274069618934,0.7561122849381225
Payyappat,0.0,0.03198181042659004,0.7476607304557803
zverr1,0.005588993981083405,0.07183924515398082,0.7579233323271959
dosto07,0.0,0.048750278645318425,0.7425294295200724
AleksanderHnydiuk,0.003815563198624248,0.028914825360414682,0.7615454271053426
VladimirKramnik,0.36360705073086846,0.39442597841910537,0.9031089646845759
Gameking51,0.0004299226139294927,0.0,0.0
garcho08,0.042616079105760964,0.0,0.0
Triumphmate,0.0,0.040743986999772205,0.7739209175973438
Casper,0.008544711951848668,0.04329729495178279,0.7760338062179294
LeninGuerra,0.009512037833190027,0.03504011485549874,0.7712043465137338
wannabe2700,0.05443895098882201,0.06285973128367028,0.7905221853305161
Vsevolod_Ovchinnikov,0.0025795356835769563,0.028811605099951024,0.7953516450347118
vishwa_vijeta,0.0012360275150472915,0.04257249813194733,0.8089345004527618
Vaibhavraut99,0.0034393809114359416,0.03611776986371953,0.7968608511922729
NovoselovRoman,0.008490971625107481,0.06639394087289778,0.8050105644431029
MessiKingdom,0.017573086844368015,0.05770832929340796,0.8222155146392998
Vuk2000,0.03476999140154772,0.0613450247957429,0.86296408089345
pouya21,0.04911865864144454,0.05010679587053785,0.8780561424690613
attack2mateU,0.03858555460017197,0.03487187331061508,0.8222155146392998
Andrei_Skvortsov,0.06040412725709372,0.11501223815175066,0.8433444008451555
chessfatbear,0.018540412725709374,0.061365925808542277,0.86296408089345
Vanina1989,0.010586844368013758,0.02849255979901166,0.8128584364624207
benny_aizenberg,0.029557179707652623,0.0,0.0
crescentmoon2411,0.18857480653482372,0.20598399802283276,0.8792635073951102
juancruzarias,0.013327601031814273,0.058623170701825406,0.8194989435556898
ShiroglanTalibov,0.0561049011177988,0.06136375021566398,0.8641714458194989
igorkovalenko,0.12752579535683578,0.28963702443812656,0.893751886507697
bocah_sakit,0.02187231298366294,0.03132185778089514,0.8107455478418352
krzyzan94,0.164176698194325,0.24998671063478795,0.8530033202535466
Eduard_Limonov,0.0953890799656062,0.1141827932433676,0.8717174766073046
rookoco,0.03149183147033534,0.0,0.0
Chessmissile07,0.05056964746345658,0.09249015432804074,0.8868095381829157
Hatsummei,0.007254944110060189,0.0,0.0
Daffidollchess2,0.005965176268271711,0.0,0.0
JeRoma71,0.019615219260533105,0.0,0.0
ChessicallyInclined,0.035898538263112637,0.06328515295750821,0.85753093872623
IMRosen,0.07647248495270852,0.18504372405906025,0.8191971023241775
OhanyanEminChess,0.025580395528804815,0.03565467477292547,0.8493812254754
suyu28,0.029664660361134996,0.06547331546944918,0.8300633866586176
zimmm36,0.04202493551160791,0.0696140293667419,0.8107455478418352
OK97,0.01542347377472055,0.03769860500179763,0.86024750980984
Leonid_Starozhilov,0.0,0.04530761033310728,0.833383640205252
Marcus_Harvey,0.02111994840928633,0.09863062865335233,0.8309689103531542
SirMittensofMittensville,0.0016659501289767841,0.0,0.0
Maybe00,0.030417024935511607,0.0,0.0
TimofeevAr,0.04363714531384351,0.0,0.0
WPWPWP-2015,0.023860705073086845,0.07375048253463007,0.783579837005735
meoluoi91,0.010586844368013758,0.048265671384844916,0.7645638394204648
ElDivis,0.001827171109200344,0.03685587218602349,0.7684877754301238
Rakitic2010,0.004729148753224419,0.03673080066312173,0.7681859341986115
m_ezat,0.007362424763542563,0.0737782482056964,0.8234228795653487
Partytime1126,0.009028374892519347,0.042099620341716784,0.7669785692725626
JoliyRoger,0.0,0.0372256937113323,0.7274373679444612
Ajedrez_con_German,0.007416165090283749,0.045417464598476585,0.7893148204044672
Javokhir_Sindarov05,0.32561263972484955,0.30878321751380805,0.943555689707214
AmbartsumianTyhran2012,0.010801805674978503,0.07393865126084342,0.780863265922125
ManMish2,0.0,0.07865763731339878,0.8128584364624207
reevecanada,0.03385640584694755,0.0786565342106303,0.8083308179897374
Sadykov_Ramil,0.006395098882201204,0.027751967049000202,0.7856927256263205
Ramosha,0.009350816852966466,0.048639781417189235,0.8231210383338364
MolecularChemist,0.023377042132416165,0.09348376804618187,0.8837911258677935
vladgoncharov,0.003923043852106621,0.07836001557537155,0.764865680651977
jk13,0.019131556319862426,0.10635317793846664,0.8044068819800785
LastGladiator1,0.10361134995700774,0.10623907474080224,0.9121642016299426
arenal72,0.0,0.061268871432442286,0.8185934198611531
twofoxniel,0.014886070507308684,0.06841918711098084,0.8460609719287655
Maus7,0.023269561478933793,0.08299755911650046,0.8116510715363718
Fighterman91,0.011446689595872743,0.056552347925817474,0.8354965288258376
Sokoloco,0.10167669819432502,0.15127941556581037,0.8025958345910051
FREDERICKtheMATE,0.01956147893379192,0.0821029948287075,0.8270449743434953
Mysterio47,0.013112639724849526,0.08640915645680025,0.8523996377905222
Akewjon,0.01875537403267412,0.06548099009410346,0.8312707515846665
tacticthunder,0.007093723129836629,0.05929432407934818,0.8542106851795955
AlexPapasimakopoulos,0.12113069647463456,0.23809774416363383,0.8219136734077875
atbenina64,0.04756018916595013,0.08640239900283445,0.8421370359191066
BocharovD,0.02961092003439381,0.08109700620286693,0.8511922728644733
albi1999,0.019453998280309543,0.0692277965787344,0.8022939933594929
1800_strength,0.03611349957007739,0.0677166980829418,0.8632659221249622
Aswathchess,0.012252794496990542,0.07373057493967179,0.819800784787202
1977Ivan,0.007899828030954428,0.08353827512254575,0.8300633866586176
dawid498,0.008383490971625107,0.05810134587137812,0.8234228795653487
chess123456s,0.008974634565778159,0.04395574294090561,0.789012979172955
joksijoksi,0.0,0.06498653451373852,0.7651675218834892
Reader777,0.01811049011177988,0.03883685488715469,0.8865076969514035
Paralinch,0.03745700773860705,0.08987203438152754,0.8822819197102324
GrigorGrigorov,0.008920894239036973,0.10044031842716131,0.8530033202535466
c63_amg,0.03632846087704213,0.06799161280292537,0.8762450950799879
alreadybroken23,0.01069432502149613,0.06690375852392474,0.833383640205252
SantoBlue,0.20012897678417885,0.26823101122012044,0.8922426803501359
AndreiITrifan,0.0,0.07330486012424367,0.7995774222758829
nrvignesh,0.005750214961306965,0.026618079217231617,0.8729248415333535
dozer80,0.004782889079965606,0.042767054467498074,0.8201026260187142
KChor05,0.015208512467755803,0.05586835869766946,0.7878056142469061
ArtemDyachuk,0.07700988822012038,0.14258599956936052,0.8068216118321763
BillieKimbah,0.3452278589853826,0.0638951683663687,0.8868095381829157
ATM622,0.0030631986242476354,0.04008879539309624,0.741925747057048
joppie2,0.16326311263972484,0.10395085043026663,0.9157862964080894
Thjop,0.005588993981083405,0.05179074883316114,0.8031995170540296
Arek_pacitan,0.011607910576096303,0.03655845847108505,0.7932387564141262
psychokiller48,0.015315993121238177,0.0,0.0
Adar_07,0.06352106620808254,0.17152978979574338,0.8605493510413522
jeetjain,0.007631126397248496,0.029819094309138268,0.7826743133111983
Semetey,0.03498495270851247,0.072876713041525,0.762149109568367
Beltraxtor,0.0044604471195184865,0.03366592469895244,0.8376094174464231
HamedWafa4,0.03213671539122958,0.13818568852077878,0.8327799577422276
FontVella8,0.03557609630266552,0.07960969286190503,0.8204044672502264
GAZZAN_3000,0.006825021496130696,0.0,0.0
KononenkoD,0.0,0.04010615831373058,0.786296408089345
Ranindu2003,0.001827171109200344,0.038632497932902285,0.8146694838514941
BeanScreen,0.029342218400687875,0.05678882706532661,0.8083308179897374
ChessSkool,0.03498495270851247,0.03919965918337975,0.8234228795653487
tdf98pantani,0.0692712811693895,0.03540308803283879,0.830667069121642
Alex_Sahakyan2006,0.1410683576956148,0.15575016980239986,0.8143676426199818
evgchess5,0.03294282029234738,0.14464661185974564,0.8762450950799879
ChessLover0108,0.10479363714531384,0.2754862067549004,0.8883187443404769
VitaliyBernadskiy,0.05787833190025796,0.0628794622466387,0.8587383036522789
adotand,0.07695614789337919,0.06322898100586634,0.8934500452761848
Arysya,0.021657351676698196,0.0650830639210178,0.8801690310896468
IwkooO,0.0010748065348237317,0.04258317007012778,0.7950498038031996
mr_gustavo,0.0500859845227859,0.07812653531792357,0.8379112586779354
Sethu0025,0.031061908856405848,0.03179992323935139,0.8756414126169635
splendidkid,0.007792347377472055,0.0,0.0
Sychev_on_YouTube,0.0957652622527945,0.05068086314089301,0.8810745547841835
WindWhistler11,0.0,0.06444184398564903,0.7630546332629037
GiorgianBarbosa,0.0,0.042187256831861406,0.7552067612435859
MathiasWomacka,0.0030631986242476354,0.0562200927035521,0.767582251735587
champ2005,0.021603611349957006,0.1857183575696175,0.9040144883791126
rdarruda,0.0,0.05758518750757954,0.7515846664654392
Hananmo,0.0,0.06479226744480261,0.7651675218834892
MightyGMpretender,0.059866723989681854,0.08767888484201385,0.8699064292182312
WanderingPuppet,0.0,0.05252421654313474,0.7709025052822216
Zq1,0.007846087704213241,0.09018315317667543,0.7908240265620283
NateSolon,0.012091573516766981,0.04310478494905386,0.7787503773015394
BirdMaster3000,0.023215821152192607,0.08228099605231744,0.8173860549351042
Oleg_Papayan,0.008061049011177988,0.11476453819549008,0.7736190763658316
Viktoker,0.0,0.07635680769579418,0.7536975550860248
ValeriyGrinev,0.02767626827171109,0.05220969911086687,0.8001811047389074
MrLion3000,0.027300085984522784,0.08425208706555354,0.822517355870812
hasagoodchesser,0.012414015477214102,0.03542126510425114,0.8222155146392998
DragonB70,0.0088134135855546,0.07848764660216039,0.8219136734077875
Goryachkina,0.07432287188306105,0.14234807577568281,0.8089345004527618
Chopper1905,0.07534393809114359,0.26601788593321174,0.872321159070329
Gunner214,0.0,0.13994843013674685,0.8188952610926653
Kacparov,0.14859200343938092,0.2643830556978138,0.9012979172955026
TregubovP,0.0,0.05523504285349968,0.8074252942952007
hansen,0.144292777300086,0.15979074535369725,0.8961666163597948
Abdurakhmanovvvv,0.006878761822871883,0.08066428750063029,0.8762450950799879
TrahtarBelarus,0.014402407566638005,0.0954256211395809,0.8665861756715968
WhiteKnight2612,0.04503439380911436,0.10774763877213554,0.8499849079384244
youngKID,0.044067067927773,0.05837966222513043,0.8729248415333535
TERMINATOR_PC,0.008222269991401548,0.06298246889948428,0.8210081497132509
kingofthenil,0.146603611349957,0.2551000363025402,0.8780561424690613
Harsha_Bharathakoti,0.09431427343078246,0.2134020738639922,0.8789616661635979
ChessSwole,0.041218830610490115,0.15865124017534596,0.7989737398128585
JakubPulpan,0.023538263112639724,0.09253262466555755,0.8185934198611531
Cayse,0.15439595872742906,0.11400049224077224,0.8436462420766677
Paladin61,0.011930352536543423,0.056754198544539995,0.8143676426199818
Keithonsky,0.02079750644883921,0.12098647337451558,0.7968608511922729
anasta10,0.0044604471195184865,0.044475109667399176,0.7962571687292485
Gangsterrito,0.017949269131556318,0.09055370475582011,0.8098400241472985
FLamps8,0.008974634565778159,0.060876704305611394,0.8234228795653487
nochewycandy,0.013112639724849526,0.05056503517213921,0.8228191971023242
tsvet2005,0.015799656061908855,0.038001364780259964,0.86296408089345
dzhumagaliev,0.008867153912295787,0.06921452331845022,0.8391186236039843
GMWSO,0.25300945829750643,0.12024853740305838,0.9272562632055539
AjedrezconPeter,0.0,0.0321087087238174,0.7721098702082705
viktorgen2021,0.0051053310404127255,0.031837922162810034,0.7745246000603683
maksimys18,0.0,0.03363132286167992,0.7561122849381225
Mackster23,0.019185296646603612,0.13282704006831644,0.8004829459704196
N18player,0.004138005159071367,0.05734264698009236,0.7878056142469061
SRob2003,0.022732158211521927,0.10279951234476618,0.8134621189254452
Duhless,0.4259458297506449,0.25967926118710727,0.9372170238454572
Joshukid,0.026386500429922615,0.044599711898726226,0.8318744340476909
DefiantChair,0.036167239896818575,0.03758245677511901,0.7814669483851494
RaunakSadhwani2005,0.12328030954428203,0.04651464225200998,0.931482040446725
MaestroCheck,0.0,0.06331659832005444,0.7841835194687594
Sawatdeekhrap,0.026708942390369732,0.06359139617034794,0.8261394506489587
NikolaGry,0.016766981943250214,0.06235157616795975,0.8152731663145185
Athanasios2,0.007792347377472055,0.037749192826045885,0.8560217325686689
Maikrosoft63,0.0016122098022355977,0.0332453741753314,0.7796559009960761
lefonghua,0.02219475494411006,0.030159056698547994,0.7479625716872925
Sanyura,0.02267841788478074,0.0697402493968819,0.7869000905523694
Elsa167,0.2147463456577816,0.13881574540628863,0.8397223060670087
Denis_Makhnyov,0.12682717110920033,0.09649374379283968,0.8961666163597948
IlyaGrigorjev,0.043153482373172826,0.11239307846355501,0.8542106851795955
0gZPanda,0.10291272570937231,0.0,0.0
Rikikits,0.05793207222699914,0.09334729259420727,0.8626622396619378
messiboca,0.010264402407566637,0.04832157641927895,0.8357983700573498
MaryanKyrychenko,0.017196904557179708,0.0,0.0
ahkashefi2800,0.00978073946689596,0.06785861954138185,0.7923332327195894
Genghis_K,0.10877042132416165,0.15286438051272166,0.8837911258677935
fastestmindalive,0.009726999140154772,0.02590042363257917,0.8255357681859342
Vincent_Vega95,0.024774290627687018,0.03386632955930312,0.8240265620283731
SchmakAttack,0.04745270851246776,0.15714102940122687,0.8451554482342288
denizozen,0.0176268271711092,0.04206869483680536,0.8892242680350135
Alexander_Moskalenko,0.008061049011177988,0.03518068494400307,0.8514941140959855
CheckThis4,0.010425623387790198,0.0,0.0
DeArron_Fox,0.0,0.060310668136346335,0.7745246000603683
Shuvalov,0.003654342218400688,0.05889243208776535,0.7899185028674917
ukchessbomber,0.035898538263112637,0.06949824156491698,0.8095381829157863
Martial2008,0.009726999140154772,0.0738374672389666,0.838816782372472
sergeikim,0.0,0.04845577209481125,0.7881074554784183
Lion-Al-Messi,0.01999140154772141,0.05166546785827308,0.7932387564141262
Nicolik,0.025257953568357694,0.09317607836499774,0.8031995170540296
Bob_2004,0.024505588993981083,0.1534373222113764,0.8222155146392998
fireheart92,0.05309544282029235,0.07622456002155902,0.9124660428614548
arctic_t00,0.0,0.07078164606748627,0.7772411711439783
tsaruk_maks,0.01956147893379192,0.04854360798032655,0.8877150618774524
Sammed_Shete,0.006233877901977644,0.04002292673578682,0.8234228795653487
kachsona,0.008759673258813414,0.08007820184806975,0.8433444008451555
DanielDardha2005,0.13413585554600171,0.12655446903031872,0.8786598249320857
xakevicius91,0.005266552020636285,0.07485197265321163,0.7709025052822216
chenxiaoyuer,0.06986242476354257,0.21455810153294544,0.8774524600060368
severomorskij,0.009941960447119518,0.044635337402587155,0.8690009055236946
RaugintaBulba,0.000913585554600172,0.027895156238701764,0.7401146996679746
NovozhilovSemen,0.04180997420464316,0.04915775372071503,0.7853908843948083
slidingknight2775,0.016175838349097162,0.1434371180216139,0.8007847872019318
Tomytoteph,0.010586844368013758,0.0,0.0
turayev_shahruh17,0.011124247635425624,0.0,0.0
bazar-wokzal,0.04965606190885641,0.09721483038382067,0.7968608511922729
GroovyKettle,0.09071367153912296,0.15797762094574055,0.8976758225173559
koncheto,0.0037080825451418745,0.052696408382797454,0.7491699366133414
eragon02,0.008276010318142735,0.04568657088811331,0.8140658013884696
adapodadei,0.0035468615649183145,0.028485164275174998,0.8234228795653487
BlackBoarder,0.006502579535683577,0.05628223245646478,0.8267431331119831
emiliocordova,0.05965176268271711,0.045911973677234375,0.8665861756715968
Murad_Ibrahimli,0.06900257953568358,0.07152670683399791,0.8868095381829157
TimGrutter03,0.016390799656061907,0.0481431289348461,0.7995774222758829
AlexanderL,0.09243336199484092,0.0,0.0
Itk04,0.006395098882201204,0.03704668607079077,0.8530033202535466
Andreikka,0.23339423903697334,0.21462469573340803,0.9212194385753094
Kosak12,0.057502149613069646,0.10720112119904981,0.8699064292182312
Forge13,0.007631126397248496,0.02590042363257917,0.8122547539993963
Mikedannnn,0.011285468615649183,0.040625080027749574,0.8152731663145185
legendisback1,0.1013542562338779,0.14723329561481108,0.9043163296106248
thedjoker98,0.003976784178847808,0.03199554118390461,0.7899185028674917
Rutricks,0.07039982803095443,0.135036534695667,0.8140658013884696
MatyChess1,0.011446689595872743,0.05198169850225958,0.8204044672502264
SahibSinghKnight,0.016874462596732587,0.04710399063953845,0.8194989435556898
Amirreza_p,0.018970335339638864,0.038150468197137466,0.8258376094174464
TheSilmarils,0.015477214101461736,0.05636749229359793,0.8638696045879867
GelmanAlexander,0.003654342218400688,0.094129213390392,0.8207063084817386
Dedic8,0.1542347377472055,0.1843229312190055,0.884394808330818
NLLO777,0.0011285468615649184,0.0484025009707796,0.7573196498641714
DrKerfuffle,0.026816423043852105,0.0590085490460391,0.8457591306972533
DarkAlekhine,0.03772570937231298,0.05578156504012453,0.8345910051313009
Alphafischer2019,0.034931212381771284,0.10325956804888255,0.8542106851795955
BrandonJacobson,0.04702278589853826,0.0,0.0
kirillshevchenko,0.03799441100601891,0.030742557493794554,0.8735285239963779
JoseRemolar,0.002472055030094583,0.0,0.0
betta2004,0.0026332760103181425,0.04454337046598055,0.7745246000603683
astralpulse,0.011876612209802236,0.030843797005202733,0.7760338062179294
Eternauta2400,0.01983018056749785,0.0,0.0
starworld123,0.030900687876182286,0.0746666250636624,0.8783579837005735
FormerProdigy,0.15987747205503008,0.12796607764193635,0.8853003320253546
xamax2000,0.036006018916595016,0.06672319202804533,0.8925445215816481
LionTheLeon_06,0.011984092863284609,0.034925970627175215,0.8768487775430124
BlueWizzard,0.03116938950988822,0.03722384224345171,0.8922426803501359
Arseniy_Nesterov,0.024451848667239897,0.03929542457358655,0.8819800784787202
rpragchess,0.0781384350816853,0.08424048636820919,0.9326894053727739
2346PL,0.0,0.04628471918248254,0.7573196498641714
Jarming,0.021764832330180568,0.07906851083591637,0.8487775430123755
SlipperySpeedster,0.004245485812553741,0.0,0.0
Malev212,0.006233877901977644,0.06470611737412361,0.7859945668578328
KhalilMousavi98,0.0013972484952708513,0.030613752384715913,0.8542106851795955
CarlosAlbornoz,0.028267411865864144,0.05645587863981265,0.8563235738001811
sergiochess83,0.21979793637145315,0.5102334861623076,0.8976758225173559
Maitreia,0.0035468615649183145,0.036124265317405715,0.8786598249320857
Dyadya81,0.033963886500429925,0.07567932948605356,0.8469664956233022
Hovik_Hayrapetyan,0.05105331040412726,0.0494108331875645,0.8720193178388168
Krakozia,0.17976139294926913,0.0,0.0
Drags95,0.01633705932932072,0.02790906980967009,0.8572290974947178
szachmistrz2500,0.0,0.046572701771361864,0.7630546332629037
Chessdreamer2020,0.0032781599312123816,0.03980152771626555,0.7872019317838816
ketster,0.0025795356835769563,0.035028130532770464,0.8116510715363718
brm72,0.006556319862424763,0.06059533611570308,0.8068216118321763
lachesisQ,0.38913370593293206,0.31920222896571543,0.9550256565046785
ellatambien,0.021764832330180568,0.06765111717995345,0.8128584364624207
Roman_Ovetchkin,0.0017196904557179708,0.034480772029248985,0.7814669483851494
sofaceindisguise,0.04358340498710232,0.07128524845716722,0.822517355870812
Karateloru,0.024344368013757525,0.04986558558730064,0.8324781165107153
olksuna,0.013166380051590714,0.0,0.0
Ditman2007,0.02380696474634566,0.06630902631245039,0.8149713250830063
MikaelyanArman,0.13752149613069647,0.11918983207196325,0.8865076969514035
Tobias_Koelle,0.013112639724849526,0.03192213296976095,0.9203139148807727
mortngabriel,0.0,0.04193583985826224,0.7546030787805614
VincentKeymer,0.21442390369733447,0.167709898360464,0.9438575309387263
dennisodessa,0.0,0.04915282951089658,0.767582251735587
ErikRonka,0.0,0.04039481512829303,0.7582251735587081
CrushingKings,0.012521496130696474,0.0471435779064263,0.7971626924237851
karinachess1,0.03283533963886501,0.09461002148354246,0.798370057349834
Crazy_girl99,0.0063413585554600175,0.07840331946901395,0.8083308179897374
SnekkerAndersen,0.009243336199484092,0.0379167608707094,0.795653486266224
lucliasco,0.038639294926913155,0.09576116744171906,0.8620585571989133
AlexTruskavetsky,0.031061908856405848,0.0849190145169222,0.8201026260187142
Marcan2b,0.03794067067927773,0.07763777754019179,0.8149713250830063
Manukyan_Artak,0.000913585554600172,0.03287539081116163,0.7322668276486568
GeorgMeier,0.01590713671539123,0.05543468992478191,0.887111379414428
whitemirrorninja,0.0030094582975064487,0.04701139134933535,0.7920313914880772
DTChess,0.020367583834909716,0.029879085679534487,0.8267431331119831
enestnrvrd,0.022302235597592434,0.04039096423761942,0.8173860549351042
ProfessorChess101,0.009834479793637146,0.06607816155629315,0.815876848777543
FelixBlohberger,0.0,0.04765166767712322,0.8327799577422276
Karacsonyi_Gellert,0.018217970765262253,0.055215715745066354,0.8472683368548144
kakarot_001,0.005535253654342219,0.0,0.0
jacky72,0.01493981083404987,0.036007823221264716,0.8756414126169635
rquery98,0.008759673258813414,0.037899303068752666,0.8496830667069122
Ali_rastbod,0.06857265692175409,0.07950682002300244,0.8240265620283731
newyorkmouse,0.0006986242476354256,0.05510337053340527,0.7968608511922729
Siemba,0.0,0.03278617142358163,0.7434349532146091
jup1978,0.00204213241616509,0.04776512973198438,0.7301539390280712
NikoTheodorou,0.10968400687876183,0.10827191590806334,0.936915182613945
ybothg,0.0,0.06467241563100797,0.7494717778448536
AldokhinIvan,0.012521496130696474,0.11013954122143366,0.8068216118321763
chucksterf10,0.013005159071367154,0.0720230702061261,0.7693932991246605
Jumbo,0.02864359415305245,0.18999290227286245,0.881678237247208
gmcorrales,0.042454858125537405,0.11825586145255113,0.8846966495623302
Sattarov_Bobur,0.06642304385210662,0.06794319397773166,0.8536070027165711
Perecke,0.007899828030954428,0.04371532449053707,0.7974645336552973
sakkikuska,0.0025257953568357696,0.049649405475934556,0.7684877754301238
Fonsofan,0.038048151332760106,0.09600940799530207,0.8454572894657411
TRadjabov,0.05228933791917455,0.06464376115330757,0.9372170238454572
Hilary46,0.01983018056749785,0.03605287829221037,0.792936915182614
traviscottofficial,0.007953568357695616,0.06472891054076285,0.8228191971023242
bancsoo,0.009941960447119518,0.10850736836682628,0.8581346211892544
Sychev_Klementy,0.03498495270851247,0.07110579520463153,0.9061273769996981
malakismayil,0.0,0.04100413905285129,0.7823724720796861
Pingah9,0.002687016337059329,0.07970715977836036,0.7636583157259281
fighter2jz,0.018540412725709374,0.03823565953770559,0.8478720193178388
AvitalBor,0.027730008598452278,0.046889916057339304,0.8430425596136433
NewBornNow,0.002848237317282889,0.06091729758765799,0.8560217325686689
PavelShkapenko,0.004729148753224419,0.059017631461701865,0.8385149411409598
Janosik,0.018325451418744625,0.04914397713312708,0.85753093872623
Zkid,0.07287188306104901,0.09999790592501827,0.8762450950799879
iturrizaga,0.16697119518486672,0.14279748555203908,0.8988831874434048
Azeryahu,0.03224419604471195,0.14144029953256676,0.8671898581346212
CamilliaLegend,0.0030631986242476354,0.03448694248373854,0.7902203440990039
NevorLegov,0.018432932072226998,0.04227746040258132,0.9055236945366737
Arifarsky,0.02031384350816853,0.030480621069998715,0.8273468155750076
josmito10,0.016874462596732587,0.054045304082961765,0.8400241472985209
Zorbos,0.0066638005159071366,0.056757762331690796,0.7977663748868096
PepeCuenca,0.005696474634565778,0.11747456149320833,0.825233926954422
I_am_Javi,0.0789445399828031,0.04180168961301953,0.8267431331119831
Volodar_Murzin,0.11844368013757524,0.19234230382278988,0.9106549954723815
Indianlad,0.12854686156491832,0.0979710655627519,0.9248415333534561
Konavets,0.1334372312983663,0.10228945622179657,0.9459704195593118
RichardLeyvaP,0.005051590713671539,0.06298298976229826,0.8019921521279807
quvnoq_muxlis,0.005212811693895099,0.059501682078840885,0.8291578629640809
Lennis93,0.0685189165950129,0.16056347043083732,0.8282523392695442
tjallkompall,0.0034393809114359416,0.07302007128780091,0.8608511922728644
Sibelephant,0.046969045571797076,0.03398378776277328,0.9269544219740417
aghasiyevkamal,0.009888220120378332,0.05836529200458944,0.8134621189254452
monomita,0.01751934651762683,0.10515718819144863,0.8756414126169635
enriquetejedor,0.051375752364574374,0.05938005095288174,0.8330817989737398
Sargsyan_Shant,0.17669819432502148,0.10683533681459703,0.896468457591307
Defend1r,0.007416165090283749,0.07239567782630464,0.792936915182614
maximnovik,0.009512037833190027,0.05501275893693272,0.7893148204044672
annasargsyan_m,0.0,0.053248100582839686,0.8007847872019318
Evan_Attaker,0.01778804815133276,0.10896973087216062,0.8140658013884696
PursuitOfHappyness2,0.016928202923473776,0.04595783179162806,0.8967702988228192
Alexander_Zubov,0.05024720550300946,0.05579393707263479,0.9109568367038937
JaloliddinIlkhomi,0.006717540842648324,0.04428200308307821,0.833383640205252
honestgames,0.027192605331040412,0.048425105532050074,0.8505885904014489
Chessgod9oninsta,0.0,0.10994053677168283,0.8472683368548144
SuperPower2011,0.0030094582975064487,0.052519722834100335,0.8234228795653487
rychessmaster1,0.015530954428202924,0.08137877834668114,0.8569272562632055
nrvisakh,0.03267411865864144,0.09571334618634433,0.8958647751282826
1stSecond,0.027515047291487533,0.09824205622186202,0.8786598249320857
KhBegmuratov,0.027192605331040412,0.055604966286312445,0.8949592514337459
Legit,0.022302235597592434,0.09618411878831686,0.8382130999094476
NMJeevanK,0.017895528804815132,0.11064502935035388,0.7802595834591005
DvaHrasta,0.009565778159931213,0.027174148502518633,0.753999396317537
Romkachess,0.0,0.06829700653000136,0.7793540597645638
UmutErdemGunduz,0.010210662080825451,0.0,0.0
QuintilianoR,0.0026332760103181425,0.030464479320317275,0.8201026260187142
stoleriu,0.0011285468615649184,0.0,0.0
mac0504,0.023269561478933793,0.0751114792539051,0.8421370359191066
Russian_berezka,0.0030094582975064487,0.030246916269255922,0.791729550256565
koziororo,0.008437231298366293,0.04520234961937258,0.7769393299124661
KantorGergely,0.019722699914015478,0.034397626450474346,0.8415333534560822
demon64fields,0.029180997420464316,0.0,0.0
Fisher_TheGalactic,0.01493981083404987,0.0,0.0
Brown_Mamba24,0.006556319862424763,0.048759508460078066,0.8327799577422276
MrMatesM,0.011822871883061048,0.043137681159933834,0.8457591306972533
Arteler,0.009726999140154772,0.05118176596902499,0.7304557802595835
Igor_Janik,0.019400257953568357,0.12014510253217549,0.8659824932085723
jaskol95,0.007093723129836629,0.07409744157134467,0.7962571687292485
TheKingDoctor,0.0,0.03420987983082958,0.7724117114397827
Gordima,0.023699484092863286,0.0,0.0
Casablanca,0.0,0.051712039206043295,0.817084213703592
NikaVolkov,0.008222269991401548,0.034676271630244636,0.8424388771506188
AkibaRubi,0.019883920894239036,0.0,0.0
SacSacMate,0.014187446259673258,0.0,0.0
PacingRope,0.01633705932932072,0.03326848361534383,0.8753395713854513
German_Bazeev,0.03514617368873603,0.0,0.0
DmitryMaximov,0.017949269131556318,0.038976926455034394,0.8324781165107153
quietsunset,0.019453998280309543,0.04046883919696382,0.8155750075460307
lavr92,0.021818572656921754,0.0,0.0
Patricius007,0.0022570937231298368,0.11002280704891387,0.7745246000603683
Kombinator01,0.004675408426483233,0.031394114278887754,0.6791427709025053
howitzer14,0.009726999140154772,0.09539355639841998,0.9097494717778448
Kazan28,0.018970335339638864,0.04408607242202588,0.7799577422275883
remi04,0.016122098022355976,0.05690355673669355,0.8560217325686689
Rital44,0.01751934651762683,0.06809599002265604,0.819800784787202
Colchonero64,0.003923043852106621,0.0,0.0
Tormoz,0.03450128976784179,0.0,0.0
amateurchess20,0.025795356835769563,0.02833075650915987,0.7881074554784183
GalperinPlaton,0.02079750644883921,0.0,0.0
Likvidator228,0.0,0.042134922227366055,0.7796559009960761
Losingexperience,0.0044067067927773,0.07179254629905606,0.8409296709930576
Squirlolz,0.003761822871883061,0.03538362374199157,0.7582251735587081
nabukatnezarr,0.007953568357695616,0.06589098054894536,0.7856927256263205
kikoveiga,0.002901977644024076,0.036089566815500934,0.774222758828856
Gabix_94,0.005696474634565778,0.036020659419636857,0.8569272562632055
Parhamov,0.16519776440240758,0.0,0.0
ShadowKing71,0.006825021496130696,0.06290058318567959,0.8593419861153033
Alexander_Khlebovich,0.04825881341358555,0.08898760493065161,0.8605493510413522
ZverevLev,0.017573086844368015,0.04977607156915193,0.8379112586779354
Illingworth,0.008329750644883921,0.034781620007621715,0.8768487775430124
RuperezA,0.014456147893379193,0.08623933269510276,0.8234228795653487
Grebnev_A,0.016498280309544283,0.04927389760216123,0.8276486568065198
SaraBlackPanther,0.02552665520206363,0.05668860129214695,0.8442499245396922
Doomfist26,0.004675408426483233,0.042089993218410185,0.7905221853305161
TheRealGmochey,0.06696044711951848,0.0,0.0
anon6121824,0.10490111779879621,0.0,0.0
AhmadzadaA,0.029933361994840927,0.0,0.0
Man-Chuk,0.010963026655202063,0.03271057069312981,0.8904316329610625
MlYAGl,0.006395098882201204,0.0,0.0
chegueps,0.007469905417024935,0.060516684119739095,0.8273468155750076
theredking89,0.034125107480653484,0.04329985845982863,0.8288560217325687
Dolphin_2010,0.01558469475494411,0.08660045351318349,0.8475701780863266
ReadySkate,0.02627901977644024,0.10814501657917135,0.8517959553274977
arminmusovic,0.0008598452278589854,0.0,0.0
Valera_B5,0.042723559759243336,0.0,0.0
nocnypako,0.02939595872742906,0.03950395743836153,0.809236341684274
Th3_Hound,0.007899828030954428,0.02590042363257917,0.8025958345910051
GadimbayliA,0.05524505588993981,0.02590042363257917,0.8611530335043767
daro94,0.012682717110920035,0.0,0.0
SHIVACalypso,0.002848237317282889,0.044908592563861253,0.7666767280410504
seorobert1971,0.0032244196044711954,0.0,0.0
KazakhFighter04,0.013166380051590714,0.028636934856556422,0.9124660428614548
NailBashirli,0.024183147033533962,0.05830253140012186,0.8282523392695442
rednova1729,0.062123817712811696,0.03323189459945944,0.9015997585270148
Blitzstream,0.012843938091143594,0.05867385181828564,0.8445517657712044
cristianserban1,0.005535253654342219,0.05154872852997759,0.7971626924237851
MMSANCHEZ,0.012951418744625968,0.0,0.0
PositionalPanther,0.010318142734307825,0.05250996609308414,0.7657712043465137
Rud_2008,0.03401762682717111,0.04975343418426083,0.8439480833081799
Miguelito,0.008437231298366293,0.03728794131412072,0.8551162088741322
Dr_troll,0.0045141874462596735,0.06137135958856786,0.7817687896166616
Semyon_Khanin,0.01585339638865004,0.04876632436525733,0.8741322064594024
Peng_Li-Min,0.014509888220120379,0.04916928347299713,0.8508904316329611
zajka-molotok,0.0023645743766122097,0.06054050685102926,0.7872019317838816
OPQRC,0.007631126397248496,0.029807737289104106,0.7699969815876849
chesspanda123,0.015799656061908855,0.0,0.0
Slovak_fighter2000,0.0,0.04228145839471171,0.767582251735587
EREBUNI91,0.05019346517626827,0.0,0.0
Orange_Ghost,0.004138005159071367,0.0,0.0
Coachpoker,0.017196904557179708,0.0,0.0
Bulldog167,0.01983018056749785,0.0,0.0
farzadbfd,0.03256663800515907,0.058064597820916504,0.8285541805010564
Guachiney,0.0088134135855546,0.0,0.0
Mischuk_D,0.010371883061049011,0.06493393351044148,0.8454572894657411
ColErranMorad,0.02439810834049871,0.03877384968115861,0.8572290974947178
RantomOpening,0.0045141874462596735,0.06154093433184257,0.7769393299124661
Annawel,0.06341358555460017,0.1864043348855021,0.9022034409900392
FMJoseHerrera,0.005750214961306965,0.03095530987490333,0.8249320857229098
StockFisher_HBK,0.007792347377472055,0.06123795639696658,0.7950498038031996
NoHeThTo,0.016659501289767842,0.0420687358041649,0.8022939933594929
Nyzhnyk_Illia,0.02090498710232158,0.0,0.0
amanmuhammethommadov,0.015960877042132417,0.04728171984387915,0.8376094174464231
Hrant_ChessMood,0.23506018916595012,0.19479998781075986,0.8943555689707214
dmitrijiIM,0.03294282029234738,0.05163067465289327,0.8717174766073046
TheoSlade,0.0,0.0,0.0
RETURNOFTHELAGGER,0.0,0.0,0.0
x-9616587394,0.007523645743766122,0.0,0.0
liczner,0.028912295786758385,0.0,0.0
HeartAblaze,0.1647678417884781,0.2805229407712463,0.8584364624207667
KevinGeorgeMicheal,0.0045141874462596735,0.061457625119638204,0.7712043465137338
PyrihRoman,0.0,0.06790774131118481,0.830667069121642
Mesa_1,0.007093723129836629,0.030694299193440352,0.8164805312405674
Gangster-accountant01,0.01859415305245056,0.1027806683949004,0.8291578629640809
JoakimVonAnd,0.060511607910576096,0.12932036444829131,0.8282523392695442
Alexandr_Predke,0.0066638005159071366,0.0,0.0
Schekachikhin_Maksim,0.005320292347377472,0.030914256095407953,0.7938424388771507
TatjanaVasilevich,0.012199054170249355,0.06432404706725112,0.7974645336552973
Mykola-Bortnyk,0.1518164230438521,0.03591724155664087,0.9212194385753094
AsadliVugar,0.021979793637145313,0.0,0.0
Grandmaster1369,0.004299226139294927,0.046909892940500866,0.8098400241472985
xiaotong2008,0.0088134135855546,0.07215667625542484,0.9055236945366737
ENajer77,0.029180997420464316,0.037690559283453766,0.8442499245396922
spicycaterpillar,0.04852751504729149,0.1079283036542404,0.9272562632055539
WorriedEgg,0.021603611349957006,0.05784929773674981,0.9058255357681859
PiliposyanRobertChess,0.01950773860705073,0.04834605117494452,0.8596438273468155
seramoral,0.016444539982803097,0.0,0.0
TheCavemanChess,0.016283319002579535,0.0833694113396015,0.8053124056746152
DenielSafarov,0.0027944969905417025,0.07754102001809926,0.8351946875943254
Jagerrmeisterr,0.0176268271711092,0.06067934287761447,0.7998792635073951
JG-17,0.0,0.04223083457143325,0.7853908843948083
Blackmind96,0.006502579535683577,0.07421658415540981,0.8846966495623302
dedpihto_v_kozhanom_palto,0.030309544282029234,0.1308691582487938,0.827950498038032
Bryanl106,0.04884995700773861,0.18559477165383478,0.8258376094174464
ameetghasi100,0.07378546861564918,0.12109918715318425,0.8213099909447631
bipe137,0.0,0.0538430735922209,0.7696951403561727
tgpgoat,0.0024183147033533963,0.06407785901332967,0.7702988228191971
Dhaydon19,0.020958727429062768,0.08414194665422924,0.8173860549351042
WoodlandMagic,0.01214531384350817,0.09066125260237194,0.8714156353757924
chessisveryfun1264,0.01956147893379192,0.04601413012699533,0.8201026260187142
cassoulet,0.07760103181427343,0.08709315879836357,0.8557198913371566
oskariot,0.04557179707652623,0.10648199143335253,0.8276486568065198
Fins0905,0.017895528804815132,0.05941777199109171,0.8523996377905222
Vladimir_2020,0.016122098022355976,0.09793827340781294,0.8321762752792031
VojtechPlat,0.018217970765262253,0.04190879961841238,0.8608511922728644
prime-morty,0.0008061049011177988,0.031191428202465288,0.8019921521279807
DryCounty,0.007254944110060189,0.04468198383372089,0.7986718985813462
Drkaraoglan,0.0013972484952708513,0.03325848994116416,0.8188952610926653
gahryman,0.052450558899398106,0.03784084333275566,0.7878056142469061
IgorBjelobrk,0.02584909716251075,0.030761030766443005,0.7953516450347118
csati17,0.016928202923473776,0.0,0.0
Nor1lsk,0.017680567497850387,0.03571415448954805,0.85753093872623
saikrishnaReturns,0.02504299226139295,0.10890517350822021,0.8176878961666164
Kira170,0.0012360275150472915,0.06807868737820806,0.8330817989737398
chessforthesun,0.021979793637145313,0.030506546446868107,0.795653486266224
varunkrishnanchess,0.006126397248495271,0.03243589021110787,0.7778448536070027
Axel_Legend,0.02090498710232158,0.051646039006841185,0.8167823724720796
Zlatan56,0.024344368013757525,0.037317472034145024,0.8810745547841835
Berardino,0.00816852966466036,0.03686777205020268,0.8019921521279807
greekplayer1,0.030309544282029234,0.0402680772651923,0.8261394506489587
2bf41-0,0.019722699914015478,0.0354879533165668,0.8554180501056444
HalfIsCrayfish,0.014886070507308684,0.027527700279842516,0.7968608511922729
scandalgod,0.004138005159071367,0.07325478715884406,0.806519770600664
Koksal06,0.0021496130696474634,0.045936567208496204,0.8025958345910051
Mr_Heisenberg13,0.025795356835769563,0.034527267358724585,0.8490793842438877
GoldenShare,0.0034393809114359416,0.0,0.0
nurgyulsalimova,0.026547721410146174,0.0,0.0
baag,0.017573086844368015,0.029956909824967678,0.8620585571989133
Ajedrez_de_Locos,0.0054277730008598455,0.07653206536650041,0.872321159070329
lukas_111111,0.0012360275150472915,0.03413361571251726,0.7893148204044672
GABUZYAN_CHESSMOOD,0.03036328460877042,0.0,0.0
AntonSmirnov,0.04739896818572657,0.04466261396008276,0.936915182613945
Tactrics,0.012199054170249355,0.10831823417329338,0.8686990642921824
fmshawnrl123,0.02407566638005159,0.0,0.0
chessintuit,0.004782889079965606,0.03202504107682912,0.8376094174464231
GMRafpig,0.034823731728288905,0.06963837879244363,0.8421370359191066
ril1997,0.005159071367153913,0.0,0.0
RichardBitoon,0.00913585554600172,0.0,0.0
ChessWarrior7197,0.04852751504729149,0.05746543666045299,0.9263507395110172
CaptainCasanova,0.0332652622527945,0.0,0.0
GarayevKanan,0.008759673258813414,0.042670336811757206,0.8327799577422276
filipluczak05,0.024720550300945828,0.0,0.0
LOVEVAE,0.019615219260533105,0.03128532623688325,0.9348022939933595
