username,total_wins,total_games,win_proportion
0gZPanda,59.0,94.0,0.6276595744680851
13MiRacLe,1.0,2.0,0.5
1800_strength,10.0,30.0,0.3333333333333333
1977Ivan,3.0,17.0,0.17647058823529413
1mbl4,2.0,14.0,0.14285714285714285
1stSecond,16.0,37.0,0.43243243243243246
2bf41-0,6.0,30.0,0.2
A-Fier,11.0,48.0,0.22916666666666666
ATM622,2.0,23.0,0.08695652173913043
AVolodin,1.0,5.0,0.2
AaravDenglaOfficial,4.0,18.0,0.2222222222222222
AbasovN,1.0,3.0,0.3333333333333333
Abdurakhmanovvvv,4.0,19.0,0.21052631578947367
Abund,39.0,154.0,0.2532467532467532
Actuary44,2.0,9.0,0.2222222222222222
Adar_07,19.0,71.0,0.2676056338028169
Agibileg,16.0,82.0,0.1951219512195122
AhmadzadaA,18.0,31.0,0.5806451612903226
Aikiigm,1.0,3.0,0.3333333333333333
Airquake,3.0,21.0,0.14285714285714285
Ajedrecista3000,2.0,5.0,0.4
Ajedrez_con_German,2.0,21.0,0.09523809523809523
Ajedrez_de_Locos,6.0,18.0,0.3333333333333333
Akewjon,5.0,26.0,0.19230769230769232
AkibaRubi,6.0,21.0,0.2857142857142857
AlbusSevresPotter,2.0,4.0,0.5
AldokhinIvan,5.0,36.0,0.1388888888888889
AleksanderHnydiuk,2.0,34.0,0.058823529411764705
Alen_Yeremyann,16.0,51.0,0.3137254901960784
AlexKhripachenko,3.0,13.0,0.23076923076923078
AlexPapasimakopoulos,39.0,171.0,0.22807017543859648
AlexTruskavetsky,8.0,26.0,0.3076923076923077
AlexZambrano,1.0,3.0,0.3333333333333333
Alex_Sahakyan2006,50.0,142.0,0.352112676056338
AlexanderL,52.0,98.0,0.5306122448979592
Alexander_Donchenko,45.0,124.0,0.3629032258064516
Alexander_Khlebovich,15.0,36.0,0.4166666666666667
Alexander_Moskalenko,6.0,21.0,0.2857142857142857
Alexander_Zubov,26.0,38.0,0.6842105263157895
Alexandr_Predke,7.0,19.0,0.3684210526315789
AlexeiShirov,46.0,169.0,0.27218934911242604
Alexei_Gubajdullin,21.0,97.0,0.21649484536082475
AliKa2810,2.0,7.0,0.2857142857142857
Ali_rastbod,24.0,100.0,0.24
AlihanHuseyinoglu,1.0,4.0,0.25
AlleyOoper,1.0,10.0,0.1
AlmasRakhmatullaev,29.0,71.0,0.4084507042253521
Alonmindlin,2.0,10.0,0.2
Alphafischer2019,15.0,68.0,0.22058823529411764
AmbartsumianTyhran2012,2.0,17.0,0.11764705882352941
Amirreza_p,3.0,11.0,0.2727272727272727
Andrei_Skvortsov,15.0,85.0,0.17647058823529413
Andreikka,125.0,188.0,0.6648936170212766
AndresDelgado77,1.0,2.0,0.5
AndrewMaco,2.0,7.0,0.2857142857142857
AndreyOstrovskiy,1.0,2.0,0.5
Andrey_Klymchuk,11.0,31.0,0.3548387096774194
Angry_Twin,101.0,190.0,0.531578947368421
AnishOnYoutube,83.0,126.0,0.6587301587301587
Annawel,32.0,52.0,0.6153846153846154
AnonymousBread,1.0,2.0,0.5
Antipov_Mikhail_Al,37.0,71.0,0.5211267605633803
AntonSmirnov,14.0,27.0,0.5185185185185185
Anton_Demchenko,156.0,299.0,0.5217391304347826
Antosha_Chekhonte,1.0,3.0,0.3333333333333333
AradNazari,49.0,152.0,0.3223684210526316
Aradhya2000,30.0,89.0,0.33707865168539325
Arash_Tahbaz,14.0,36.0,0.3888888888888889
Arek_pacitan,2.0,11.0,0.18181818181818182
Arhan_Anand,3.0,10.0,0.3
Arifarsky,4.0,20.0,0.2
ArmanGhevondyanchess,3.0,28.0,0.10714285714285714
Arseniy_Nesterov,7.0,18.0,0.3888888888888889
Arteler,3.0,13.0,0.23076923076923078
ArtemDyachuk,25.0,115.0,0.21739130434782608
Artemiki,2.0,8.0,0.25
AryanTari,201.0,352.0,0.5710227272727273
Arystanner,36.0,114.0,0.3157894736842105
Arysya,12.0,32.0,0.375
AsadliVugar,10.0,25.0,0.4
Aswathchess,6.0,25.0,0.24
Athanasios2,2.0,20.0,0.1
Attacker_2006,1.0,7.0,0.14285714285714285
AvitalBor,8.0,33.0,0.24242424242424243
Axel_Legend,8.0,23.0,0.34782608695652173
Aygehovit1992,62.0,216.0,0.28703703703703703
Azerichess,76.0,120.0,0.6333333333333333
Azeryahu,16.0,47.0,0.3404255319148936
Azzaro25,6.0,10.0,0.6
B-man,1.0,5.0,0.2
B_nn_t,1.0,2.0,0.5
BakaPG,4.0,9.0,0.4444444444444444
Baku_Boulevard,88.0,133.0,0.6616541353383458
BardArtem,44.0,184.0,0.2391304347826087
Bauman_Guy,150.0,339.0,0.4424778761061947
BeanScreen,9.0,44.0,0.20454545454545456
Beca95,206.0,379.0,0.5435356200527705
Beltraxtor,1.0,12.0,0.08333333333333333
Berardino,2.0,13.0,0.15384615384615385
BigAl,5.0,39.0,0.1282051282051282
Bigfish1995,184.0,278.0,0.6618705035971223
BillieKimbah,177.0,284.0,0.6232394366197183
BilodeauA,110.0,203.0,0.541871921182266
Binary010,16.0,73.0,0.2191780821917808
Biranidun,2.0,5.0,0.4
BirdMaster3000,7.0,49.0,0.14285714285714285
Blackmind96,4.0,17.0,0.23529411764705882
Blitzstream,3.0,31.0,0.0967741935483871
BlueWizzard,17.0,51.0,0.3333333333333333
Bob_2004,4.0,33.0,0.12121212121212122
BocharovD,12.0,29.0,0.41379310344827586
BogdanDeac,495.0,787.0,0.6289707750952986
Boundless_Strike,15.0,62.0,0.24193548387096775
BrandonJacobson,24.0,40.0,0.6
Brave_spirit12,6.0,23.0,0.2608695652173913
BrokenFritz,2.0,7.0,0.2857142857142857
Brown_Mamba24,2.0,11.0,0.18181818181818182
Bryanl106,11.0,51.0,0.21568627450980393
Budisavljevic,1.0,7.0,0.14285714285714285
Bulldog167,9.0,21.0,0.42857142857142855
Buzhizhebuguai,2.0,8.0,0.25
Bykov_Egor,4.0,28.0,0.14285714285714285
Byniolus,89.0,310.0,0.2870967741935484
CSB7,24.0,100.0,0.24
CamilliaLegend,2.0,11.0,0.18181818181818182
CaptainCasanova,9.0,17.0,0.5294117647058824
CarlosAlbornoz,7.0,23.0,0.30434782608695654
CarlosjPineror,17.0,65.0,0.26153846153846155
Carow-Kann,3.0,7.0,0.42857142857142855
Casper,4.0,17.0,0.23529411764705882
CaspiIsrael,1.0,13.0,0.07692307692307693
Caterpiller35,1.0,5.0,0.2
Cayse,62.0,160.0,0.3875
CheckThis4,4.0,26.0,0.15384615384615385
Chera_Chola_Pandya_in2024,2.0,8.0,0.25
Chernobay_Artem,1.0,6.0,0.16666666666666666
ChessBrah,4.0,7.0,0.5714285714285714
ChessFighter_2011,14.0,31.0,0.45161290322580644
ChessLover0108,68.0,130.0,0.5230769230769231
ChessQueen,15.0,62.0,0.24193548387096775
ChessSharkz,3.0,9.0,0.3333333333333333
ChessSkool,11.0,50.0,0.22
ChessSwole,9.0,53.0,0.16981132075471697
ChessWarrior7197,19.0,30.0,0.6333333333333333
Chessdreamer2020,1.0,19.0,0.05263157894736842
Chessgod9oninsta,1.0,13.0,0.07692307692307693
ChessicallyInclined,14.0,63.0,0.2222222222222222
Chessmissile07,24.0,61.0,0.39344262295081966
Chesssplayer21,4.0,10.0,0.4
Chigorinetz,1.0,4.0,0.25
ChinguunSu,3.0,8.0,0.375
Chopper1905,38.0,78.0,0.48717948717948717
ChristopherYoo,252.0,388.0,0.6494845360824743
Coachpoker,6.0,27.0,0.2222222222222222
ColErranMorad,9.0,23.0,0.391304347826087
Colchonero64,5.0,13.0,0.38461538461538464
Commando_Droid,1.0,2.0,0.5
ContrVersia,90.0,199.0,0.45226130653266333
Crasyhealer,1.0,9.0,0.1111111111111111
Crazy_girl99,3.0,22.0,0.13636363636363635
CrushingKings,4.0,15.0,0.26666666666666666
CuteSheepCloud,2.0,8.0,0.25
DTChess,6.0,18.0,0.3333333333333333
Daaksboy,1.0,2.0,0.5
Daffidollchess2,3.0,21.0,0.14285714285714285
DamianoLew95,2.0,26.0,0.07692307692307693
DanielDardha2005,58.0,127.0,0.4566929133858268
DanielNaroditsky,423.0,675.0,0.6266666666666667
Dare-Dare,1.0,2.0,0.5
DarkAlekhine,14.0,45.0,0.3111111111111111
DavidGavrilescu18,6.0,31.0,0.1935483870967742
David_Arutinian,9.0,22.0,0.4090909090909091
DeGrootteZ,5.0,16.0,0.3125
DeTimmerman,12.0,80.0,0.15
Dedic8,58.0,141.0,0.41134751773049644
Defend1r,5.0,34.0,0.14705882352941177
DefiantChair,9.0,51.0,0.17647058823529413
DenLaz,429.0,645.0,0.6651162790697674
DenielSafarov,2.0,13.0,0.15384615384615385
Denis_Makhnyov,69.0,115.0,0.6
Deuterio010,1.0,7.0,0.14285714285714285
DevikBronstein,3.0,8.0,0.375
Dhaydon19,9.0,51.0,0.17647058823529413
Dinamo81,2.0,9.0,0.2222222222222222
DishonorOnYourCow,2.0,23.0,0.08695652173913043
Ditman2007,6.0,19.0,0.3157894736842105
DitmanSolo,1.0,7.0,0.14285714285714285
Dixit_Nikhil,2.0,14.0,0.14285714285714285
Djager97,8.0,35.0,0.22857142857142856
DmitryMaximov,7.0,29.0,0.2413793103448276
Dolphin_2010,4.0,19.0,0.21052631578947367
DominguezOnYoutube,112.0,217.0,0.5161290322580645
DonkyDonkyDonkey,28.0,89.0,0.3146067415730337
Dont_be_a_C0unt,1.0,3.0,0.3333333333333333
Doraemon7,2.0,7.0,0.2857142857142857
DrKerfuffle,8.0,20.0,0.4
DrVelja,94.0,164.0,0.573170731707317
Drags95,9.0,34.0,0.2647058823529412
DraskovicL,1.0,3.0,0.3333333333333333
DreamsAreFake,11.0,43.0,0.2558139534883721
Drkaraoglan,2.0,12.0,0.16666666666666666
DryCounty,2.0,13.0,0.15384615384615385
Duhless,262.0,390.0,0.6717948717948717
DuleMudule,26.0,72.0,0.3611111111111111
Durarbayli,228.0,446.0,0.5112107623318386
DvaHrasta,3.0,19.0,0.15789473684210525
Dyadya81,14.0,47.0,0.2978723404255319
ELECTRODYNAMIC_DRACULA,20.0,91.0,0.21978021978021978
ELPRIMO0O0,1.0,5.0,0.2
ENajer77,8.0,19.0,0.42105263157894735
EREBUNI91,16.0,46.0,0.34782608695652173
Eagle_2019,41.0,120.0,0.3416666666666667
Eduard_Limonov,36.0,88.0,0.4090909090909091
Eduardoo64,3.0,7.0,0.42857142857142855
ElDivis,1.0,12.0,0.08333333333333333
Elegance_Riks,1.0,13.0,0.07692307692307693
Elprofessor21,6.0,32.0,0.1875
Elsa167,117.0,251.0,0.46613545816733065
Emp3rador,1.0,21.0,0.047619047619047616
Eternauta2400,5.0,22.0,0.22727272727272727
Etoilegeniale,2.0,9.0,0.2222222222222222
Evan_Attaker,6.0,24.0,0.25
Evandro_Barbosa,2.0,9.0,0.2222222222222222
Evgeny81,15.0,75.0,0.2
FARIZA2018,1.0,13.0,0.07692307692307693
FERNANDEZL1983,1.0,4.0,0.25
FGHSMN,85.0,174.0,0.4885057471264368
FLamps8,3.0,11.0,0.2727272727272727
FMJoseHerrera,4.0,11.0,0.36363636363636365
FMVolodymyrSakun,2.0,6.0,0.3333333333333333
FREDERICKtheMATE,8.0,27.0,0.2962962962962963
FXDon77,40.0,144.0,0.2777777777777778
FabianoCaruana,320.0,476.0,0.6722689075630253
FairChess_on_YouTube,817.0,1241.0,0.6583400483481063
Fandorine,257.0,489.0,0.5255623721881391
Fantastic_Power,10.0,31.0,0.3225806451612903
FaustinoOro,34.0,79.0,0.43037974683544306
FedaMaster,4.0,10.0,0.4
Fh2411,3.0,28.0,0.10714285714285714
Fighterman91,4.0,29.0,0.13793103448275862
Fins0905,3.0,12.0,0.25
Firouzja2003,527.0,755.0,0.6980132450331126
Fisher_TheGalactic,3.0,12.0,0.25
Flawless_Fighter,8.0,84.0,0.09523809523809523
FoggyMorning,1.0,26.0,0.038461538461538464
Fonsofan,10.0,50.0,0.2
FontVella8,10.0,39.0,0.2564102564102564
FormerProdigy,66.0,119.0,0.5546218487394958
Franmu14,6.0,26.0,0.23076923076923078
Frolyanov_D,3.0,10.0,0.3
Fy_Rakotomaharo,7.0,26.0,0.2692307692307692
GABUZYAN_CHESSMOOD,11.0,17.0,0.6470588235294118
GHANDEEVAM2003,293.0,439.0,0.6674259681093394
GM4life,1.0,8.0,0.125
GMAkobianSTL,15.0,71.0,0.2112676056338028
GMBenjaminBok,259.0,436.0,0.5940366972477065
GMG,43.0,145.0,0.296551724137931
GMKrikor,78.0,221.0,0.35294117647058826
GMMelik,4.0,8.0,0.5
GMMikhailKazakov,2.0,7.0,0.2857142857142857
GMRafpig,11.0,41.0,0.2682926829268293
GMSrinath,27.0,63.0,0.42857142857142855
GMTalks_Youtube,1.0,13.0,0.07692307692307693
GMVignirVatnar,1.0,6.0,0.16666666666666666
GMWSO,129.0,187.0,0.6898395721925134
GMZaven,2.0,3.0,0.6666666666666666
GM_Levan_Pantsulaia,4.0,6.0,0.6666666666666666
GM_dmitrij,224.0,363.0,0.6170798898071626
GMharikrishna,2.0,4.0,0.5
GOGIEFF,139.0,206.0,0.6747572815533981
GP9isback23,5.0,64.0,0.078125
Gabix_94,4.0,22.0,0.18181818181818182
Gabrielian_Artur,19.0,74.0,0.25675675675675674
GadimbayliA,20.0,52.0,0.38461538461538464
GaiozNigalidze,15.0,83.0,0.18072289156626506
GalaxyRoman,4.0,27.0,0.14814814814814814
GalperinPlaton,12.0,17.0,0.7058823529411765
GameOverBro,1.0,8.0,0.125
Gameking51,2.0,20.0,0.1
Gangster-accountant01,4.0,21.0,0.19047619047619047
Gangsterrito,6.0,18.0,0.3333333333333333
GarayevKanan,2.0,12.0,0.16666666666666666
Gareth-Bale11,20.0,56.0,0.35714285714285715
GasconJR,3.0,8.0,0.375
GelmanAlexander,2.0,23.0,0.08695652173913043
Genghis_K,48.0,113.0,0.4247787610619469
Gennady_Kozlov,2.0,13.0,0.15384615384615385
GeorgMeier,11.0,20.0,0.55
GeorgiosSouleidis,1.0,29.0,0.034482758620689655
German_Bazeev,15.0,50.0,0.3
Gevo1990,1.0,1.0,1.0
GianmarcoVaR,22.0,96.0,0.22916666666666666
Ginger_GM,5.0,32.0,0.15625
Ginzburg_Yakov,3.0,14.0,0.21428571428571427
GlavkonVVS,7.0,43.0,0.16279069767441862
Glidzhian_Gor,1.0,2.0,0.5
GodzillaChessYoutube,1.0,4.0,0.25
GoldenShare,2.0,16.0,0.125
GoltsevDmitry2000,29.0,199.0,0.1457286432160804
Gordima,15.0,26.0,0.5769230769230769
Goryachkina,23.0,101.0,0.22772277227722773
GothamChess,26.0,115.0,0.22608695652173913
GradualismUnleashed,1.0,2.0,0.5
Grandelicious,24.0,61.0,0.39344262295081966
Grandmaster1369,1.0,12.0,0.08333333333333333
Grandmaster2B,2.0,8.0,0.25
Gravity_Chess,9.0,33.0,0.2727272727272727
Grebnev_A,3.0,13.0,0.23076923076923078
GrigorGrigorov,6.0,21.0,0.2857142857142857
Grischuk,354.0,551.0,0.6424682395644283
GroovyKettle,50.0,83.0,0.6024096385542169
Grukjr,3.0,9.0,0.3333333333333333
Guachiney,5.0,14.0,0.35714285714285715
Guriempire,4.0,7.0,0.5714285714285714
HajiyevKanan,3.0,49.0,0.061224489795918366
HalfIsCrayfish,3.0,17.0,0.17647058823529413
HamedWafa4,9.0,64.0,0.140625
Hamisandwich,7.0,47.0,0.14893617021276595
Hanging_pointer,2.0,6.0,0.3333333333333333
HansOnTwitch,291.0,426.0,0.6830985915492958
Harry_Rakkel,11.0,60.0,0.18333333333333332
Harsha_Bharathakoti,55.0,108.0,0.5092592592592593
Hasangatin_Ramil,11.0,57.0,0.19298245614035087
Hatsummei,7.0,11.0,0.6363636363636364
Hattori-Hanzo78,1.0,8.0,0.125
Haykoooo0o,1.0,9.0,0.1111111111111111
HeartAblaze,70.0,180.0,0.3888888888888889
Herman-NY,1.0,16.0,0.0625
Hikaru,893.0,1217.0,0.733771569433032
Hilary46,4.0,22.0,0.18181818181818182
HobbystaSzachysta,1.0,2.0,0.5
Honiex,1.0,3.0,0.3333333333333333
Hope_6,1.0,5.0,0.2
Hovik_Hayrapetyan,16.0,55.0,0.2909090909090909
HowTo2Draw,1.0,5.0,0.2
Hrant_ChessMood,109.0,202.0,0.5396039603960396
IC3S2,1.0,6.0,0.16666666666666666
IMRosen,23.0,108.0,0.21296296296296297
IM_ArthurDW08,16.0,57.0,0.2807017543859649
IMchanged,2.0,15.0,0.13333333333333333
I_am_Javi,27.0,86.0,0.313953488372093
IamSchrodingersCat,2.0,26.0,0.07692307692307693
Iball95,57.0,191.0,0.29842931937172773
IgorBjelobrk,13.0,58.0,0.22413793103448276
Igor_Janik,10.0,27.0,0.37037037037037035
Igor_Lysyj,22.0,68.0,0.3235294117647059
Igrok3069,4.0,10.0,0.4
IlanSchnaider,25.0,110.0,0.22727272727272727
IljaZaragatski,1.0,8.0,0.125
Illingworth,8.0,16.0,0.5
IlyaGrigorjev,18.0,49.0,0.3673469387755102
Incognito_Knight,12.0,39.0,0.3076923076923077
Indianlad,65.0,103.0,0.6310679611650486
Individoom,9.0,43.0,0.20930232558139536
Irishchessman16,1.0,7.0,0.14285714285714285
Isajevsky_Anton,1.0,4.0,0.25
IsikCan05,3.0,4.0,0.75
Iskusnyh,4.0,31.0,0.12903225806451613
Itk04,3.0,22.0,0.13636363636363635
IwkooO,1.0,15.0,0.06666666666666667
JM2005GM,1.0,5.0,0.2
JSPrepz,24.0,86.0,0.27906976744186046
Jagerrmeisterr,3.0,14.0,0.21428571428571427
Jakhongir-Vakhidov,31.0,60.0,0.5166666666666667
JakubPulpan,8.0,30.0,0.26666666666666666
JaloliddinIlkhomi,2.0,29.0,0.06896551724137931
Jamal-Jamal-Jamal,1.0,2.0,0.5
Janosik,5.0,12.0,0.4166666666666667
Jarming,9.0,38.0,0.23684210526315788
Jarrahi2452,1.0,8.0,0.125
Javokhir_Sindarov05,168.0,234.0,0.717948717948718
JeRoma71,5.0,18.0,0.2777777777777778
JoakimVonAnd,18.0,67.0,0.26865671641791045
JonasEilenberg,2.0,6.0,0.3333333333333333
Josetricks,2.0,6.0,0.3333333333333333
Joshukid,10.0,27.0,0.37037037037037035
Jospem,847.0,1240.0,0.6830645161290323
Journey_to_GrandMaster_YT,3.0,23.0,0.13043478260869565
JulbeNn,3.0,7.0,0.42857142857142855
Jumbo,19.0,62.0,0.3064516129032258
Juwen,2.0,6.0,0.3333333333333333
KATPAH,2.0,7.0,0.2857142857142857
KChor05,2.0,30.0,0.06666666666666667
KNVB,38.0,161.0,0.2360248447204969
K_A_S_T_O_R,107.0,245.0,0.43673469387755104
Kacparov,80.0,173.0,0.4624277456647399
KantorGergely,6.0,17.0,0.35294117647058826
Karacsonyi_Gellert,6.0,24.0,0.25
Karateloru,8.0,24.0,0.3333333333333333
KarolKacprzak,2.0,10.0,0.2
Karpovs_Maid,1.0,5.0,0.2
KarstenHansch,1.0,2.0,0.5
Karttunen,6.0,33.0,0.18181818181818182
KashJinx,2.0,17.0,0.11764705882352941
Kaua18,1.0,5.0,0.2
KazakhFighter04,7.0,14.0,0.5
Kazan28,4.0,11.0,0.36363636363636365
Keeper0416,1.0,5.0,0.2
Keithonsky,7.0,33.0,0.21212121212121213
Keranke,4.0,16.0,0.25
KhBegmuratov,14.0,23.0,0.6086956521739131
KhalilMousavi98,3.0,11.0,0.2727272727272727
Khusenkhojaev,1.0,1.0,1.0
Kiborg95,71.0,170.0,0.4176470588235294
Kildepiotr,14.0,63.0,0.2222222222222222
KingCyber19,1.0,4.0,0.25
Kira170,1.0,14.0,0.07142857142857142
Kirill_Klukin,84.0,253.0,0.33201581027667987
KnightDuta,4.0,19.0,0.21052631578947367
Koalaskakistis,1.0,7.0,0.14285714285714285
Kobalia,11.0,46.0,0.2391304347826087
KogotBobra17,12.0,58.0,0.20689655172413793
Koksal06,1.0,14.0,0.07142857142857142
Kombinator01,3.0,12.0,0.25
Konavets,55.0,78.0,0.7051282051282052
Korchmar_Vasiliy,51.0,191.0,0.2670157068062827
Kosak12,17.0,65.0,0.26153846153846155
Kostya0705,2.0,15.0,0.13333333333333333
Krakozia,97.0,166.0,0.5843373493975904
KrolPawelTV,3.0,4.0,0.75
Kunalm64,2.0,6.0,0.3333333333333333
KuzubovYuriy,86.0,189.0,0.455026455026455
LOVEVAE,7.0,11.0,0.6363636363636364
Lady_Nika,2.0,30.0,0.06666666666666667
LastGladiator1,50.0,84.0,0.5952380952380952
LawrenceTrent,1.0,3.0,0.3333333333333333
LeRoidesChampions,3.0,17.0,0.17647058823529413
Leebit02,2.0,10.0,0.2
Legendinunknown,34.0,104.0,0.3269230769230769
Legit,9.0,30.0,0.3
LeninGuerra,2.0,17.0,0.11764705882352941
Lennis93,19.0,115.0,0.16521739130434782
Lestofante90,9.0,29.0,0.3103448275862069
Levanzovsky,1.0,10.0,0.1
LevonAronian,163.0,244.0,0.6680327868852459
LiamPutnam2008,4.0,23.0,0.17391304347826086
LiemLe,201.0,290.0,0.6931034482758621
LikeWater,16.0,72.0,0.2222222222222222
Lion-Al-Messi,8.0,42.0,0.19047619047619047
LionTheLeon_06,4.0,19.0,0.21052631578947367
LoydBlankenship,2.0,10.0,0.2
LuckIsMySkill,2.0,7.0,0.2857142857142857
Lucky_Puncher,1.0,4.0,0.25
Lukianoo,11.0,33.0,0.3333333333333333
LyonBeast,172.0,247.0,0.6963562753036437
M1711,1.0,8.0,0.125
MITerryble,419.0,675.0,0.6207407407407407
MKlose11,13.0,72.0,0.18055555555555555
MMSANCHEZ,3.0,11.0,0.2727272727272727
Macho_2006,84.0,157.0,0.535031847133758
Mackster23,5.0,40.0,0.125
Macron20hTF1,3.0,14.0,0.21428571428571427
MaevskiyNikolay,1.0,4.0,0.25
Magicmaster17,2.0,7.0,0.2857142857142857
MagnusCarlsen,541.0,708.0,0.7641242937853108
Maitreia,4.0,14.0,0.2857142857142857
Makswolf200817,26.0,116.0,0.22413793103448276
Malev212,1.0,33.0,0.030303030303030304
Man-Chuk,3.0,17.0,0.17647058823529413
Manukyan_Artak,1.0,11.0,0.09090909090909091
Marcan2b,13.0,33.0,0.3939393939393939
MarcoRiehle,23.0,92.0,0.25
Marcus_Harvey,5.0,20.0,0.25
MarkusRagger,10.0,50.0,0.2
Martial2008,3.0,24.0,0.125
MaryanKyrychenko,6.0,15.0,0.4
MathiasWomacka,1.0,11.0,0.09090909090909091
Matibar,16.0,54.0,0.2962962962962963
Mattheii,1.0,7.0,0.14285714285714285
MatthewG-p4p,149.0,349.0,0.4269340974212034
MatyChess1,3.0,23.0,0.13043478260869565
Maus7,4.0,23.0,0.17391304347826086
Maxfan2008,3.0,15.0,0.2
Maybe00,7.0,13.0,0.5384615384615384
Meri-Arabidze,9.0,82.0,0.10975609756097561
Mesa_1,2.0,13.0,0.15384615384615385
MessiKingdom,6.0,19.0,0.3157894736842105
MetiForce,46.0,96.0,0.4791666666666667
MiFerz44,5.0,9.0,0.5555555555555556
Micki-taryan,6.0,9.0,0.6666666666666666
MightyGMpretender,25.0,96.0,0.2604166666666667
Miguelito,5.0,26.0,0.19230769230769232
MikaelyanArman,60.0,140.0,0.42857142857142855
Mikasinski,9.0,61.0,0.14754098360655737
Mikedannnn,2.0,11.0,0.18181818181818182
Mikhail_Bryakin,26.0,127.0,0.2047244094488189
Mikhail_Golubev,8.0,76.0,0.10526315789473684
Mikhal867,1.0,2.0,0.5
Mischuk_D,4.0,18.0,0.2222222222222222
MishkaFighter,1.0,4.0,0.25
MlYAGl,3.0,13.0,0.23076923076923078
MokshanovAlexey,2.0,5.0,0.4
MolecularChemist,11.0,27.0,0.4074074074074074
MomchilPetkov,1.0,8.0,0.125
Mops_2004,38.0,180.0,0.2111111111111111
Moultino06,4.0,10.0,0.4
MrLion3000,7.0,35.0,0.2
MrMatesM,3.0,11.0,0.2727272727272727
MrTattaglia,17.0,43.0,0.3953488372093023
Mr_Heisenberg13,7.0,15.0,0.4666666666666667
Msb2,684.0,1085.0,0.6304147465437788
Muracle,1.0,5.0,0.2
Murad_Ibrahimli,31.0,62.0,0.5
MustafayevFarid2004,2.0,7.0,0.2857142857142857
MyDream003,33.0,105.0,0.3142857142857143
Mykola-Bortnyk,106.0,169.0,0.6272189349112426
Mysterio47,7.0,30.0,0.23333333333333334
N18player,1.0,17.0,0.058823529411764705
NFChess13,3.0,8.0,0.375
NLLO777,1.0,11.0,0.09090909090909091
NMJeevanK,4.0,35.0,0.11428571428571428
N_Mullodzhanov,1.0,5.0,0.2
NahIdTilt,1.0,2.0,0.5
NailBashirli,7.0,31.0,0.22580645161290322
Narek_Ghimoyan,1.0,4.0,0.25
Natalya_Buksa,1.0,2.0,0.5
NateSolon,6.0,25.0,0.24
Nemegejas,10.0,32.0,0.3125
NeoTerNemo,3.0,4.0,0.75
NevorLegov,6.0,14.0,0.42857142857142855
Nf3c5,4.0,42.0,0.09523809523809523
Nicolik,5.0,23.0,0.21739130434782608
NikaVolkov,2.0,17.0,0.11764705882352941
NikitaShandrygin,5.0,70.0,0.07142857142857142
NikoTheodorou,63.0,100.0,0.63
NikolaGry,6.0,47.0,0.1276595744680851
Nikolakis2014,17.0,56.0,0.30357142857142855
Nils_03,2.0,3.0,0.6666666666666666
Nimrod_Veinberg,10.0,21.0,0.47619047619047616
NiranjanNavalgund,1.0,5.0,0.2
Nitzan_Steinberg,52.0,125.0,0.416
Njal28,360.0,554.0,0.6498194945848376
NoHeThTo,6.0,29.0,0.20689655172413793
NoSpaghettiForYou,1.0,2.0,0.5
Noki102,2.0,14.0,0.14285714285714285
Nor1lsk,5.0,28.0,0.17857142857142858
NovakCabarkapa,3.0,17.0,0.17647058823529413
NovoselovRoman,2.0,19.0,0.10526315789473684
NovozhilovSemen,14.0,41.0,0.34146341463414637
Nyzhnyk_Illia,8.0,16.0,0.5
OK97,4.0,27.0,0.14814814814814814
OPQRC,2.0,12.0,0.16666666666666666
OhanyanEminChess,8.0,27.0,0.2962962962962963
Ol_Bilych,4.0,6.0,0.6666666666666666
Oleg_Papayan,2.0,23.0,0.08695652173913043
Oleksandr_Bortnyk,784.0,1150.0,0.6817391304347826
OparinGrigoriy,319.0,508.0,0.6279527559055118
Orange_Ghost,1.0,12.0,0.08333333333333333
Orest_Vovk,4.0,40.0,0.1
OriTaichman,3.0,10.0,0.3
PSvidler,2.0,6.0,0.3333333333333333
PacingRope,6.0,14.0,0.42857142857142855
Paladin61,3.0,13.0,0.23076923076923078
Panchenko_Dmitry,4.0,9.0,0.4444444444444444
PapiPapita,1.0,8.0,0.125
Paralinch,13.0,37.0,0.35135135135135137
Parhamov,80.0,122.0,0.6557377049180327
Partytime1126,4.0,20.0,0.2
Pasmendjambvirgulptipon98,2.0,6.0,0.3333333333333333
Patricius007,1.0,14.0,0.07142857142857142
Patzel09,2.0,8.0,0.25
PavelShkapenko,1.0,14.0,0.07142857142857142
PawelCzarnota,3.0,7.0,0.42857142857142855
Pedram1975,1.0,2.0,0.5
Peng_Li-Min,7.0,21.0,0.3333333333333333
PepeCuenca,1.0,33.0,0.030303030303030304
Perecke,4.0,18.0,0.2222222222222222
PeshkaCh,27.0,110.0,0.24545454545454545
Philippians46,5.0,8.0,0.625
PiliposyanRobertChess,6.0,12.0,0.5
Pingah9,1.0,24.0,0.041666666666666664
PlotnikovPavel,1.0,3.0,0.3333333333333333
PolandHussars,1.0,10.0,0.1
Polish_fighter3000,588.0,839.0,0.700834326579261
PositionalPanther,2.0,17.0,0.11764705882352941
Potosino1970,1.0,4.0,0.25
Practical-Play,3.0,23.0,0.13043478260869565
Prizant_academy,129.0,232.0,0.5560344827586207
ProphetReborn,3.0,7.0,0.42857142857142855
PursuitOfHappyness2,6.0,12.0,0.5
PushingpawnsNYC,1.0,2.0,0.5
Puzzlebot_1294,1.0,7.0,0.14285714285714285
PyrihRoman,1.0,15.0,0.06666666666666667
Qnmeng,2.0,8.0,0.25
QuintilianoR,2.0,17.0,0.11764705882352941
RZ0,1.0,4.0,0.25
Radzio1987,5.0,17.0,0.29411764705882354
Rakhmanov_Aleksandr,16.0,49.0,0.32653061224489793
Rakitic2010,2.0,14.0,0.14285714285714285
Ramil_Faizrakhmanov,2.0,7.0,0.2857142857142857
Ramosha,2.0,30.0,0.06666666666666667
RandomNoob04,20.0,83.0,0.24096385542168675
Ranindu2003,1.0,17.0,0.058823529411764705
RantomOpening,1.0,14.0,0.07142857142857142
Rashad_Zeynalli,1.0,11.0,0.09090909090909091
RaunakSadhwani2005,62.0,93.0,0.6666666666666666
Reader777,10.0,17.0,0.5882352941176471
ReadySkate,8.0,26.0,0.3076923076923077
RealJerusalem,1.0,6.0,0.16666666666666666
RealPerangel,3.0,18.0,0.16666666666666666
Reality-Stone,1.0,6.0,0.16666666666666666
Revan_2002,9.0,47.0,0.19148936170212766
RichardBitoon,4.0,15.0,0.26666666666666666
RichardLeyvaP,3.0,23.0,0.13043478260869565
Rikikits,17.0,60.0,0.2833333333333333
Rital44,5.0,26.0,0.19230769230769232
Roachelley,2.0,6.0,0.3333333333333333
Robert_Chessmood,18.0,30.0,0.6
RobertoJBM,18.0,78.0,0.23076923076923078
Rodalquilar,48.0,188.0,0.2553191489361702
Roman_Ovetchkin,1.0,19.0,0.05263157894736842
Rosh1610,2.0,7.0,0.2857142857142857
Rsnr,44.0,102.0,0.43137254901960786
Rud_2008,6.0,17.0,0.35294117647058826
Rud_Makarian,460.0,757.0,0.607661822985469
Rumpel-VK,1.0,2.0,0.5
RuperezA,4.0,16.0,0.25
RuppertPumpkin,2.0,5.0,0.4
Rurep26,6.0,22.0,0.2727272727272727
Russian_berezka,2.0,32.0,0.0625
Rutricks,19.0,86.0,0.22093023255813954
Rybka1989,2.0,4.0,0.5
SAInt_666,6.0,38.0,0.15789473684210525
SARGISMV,1.0,8.0,0.125
SCIM,1.0,9.0,0.1111111111111111
SGchess01,1.0,2.0,0.5
SHIVACalypso,1.0,13.0,0.07692307692307693
SPEEDSKATER,3.0,9.0,0.3333333333333333
SRob2003,8.0,49.0,0.16326530612244897
SacSacMate,3.0,13.0,0.23076923076923078
Sadykov_Ramil,2.0,17.0,0.11764705882352941
SahibSinghKnight,6.0,27.0,0.2222222222222222
Salem-AR,65.0,105.0,0.6190476190476191
Sam_ChessMood,78.0,167.0,0.46706586826347307
SameerMujumdar,1.0,1.0,1.0
Sanan_Sjugirov,307.0,546.0,0.5622710622710623
SantoBlue,110.0,198.0,0.5555555555555556
Sanyura,7.0,41.0,0.17073170731707318
SaqoChess_Coach,22.0,94.0,0.23404255319148937
SaraBlackPanther,4.0,16.0,0.25
Sargsyan_Shant,74.0,130.0,0.5692307692307692
SashaKuzhilniy,4.0,23.0,0.17391304347826086
Sattarov_Bobur,17.0,48.0,0.3541666666666667
Sawatdeekhrap,8.0,34.0,0.23529411764705882
Saxar85,1.0,9.0,0.1111111111111111
Schekachikhin_Maksim,2.0,14.0,0.14285714285714285
SchmakAttack,18.0,119.0,0.15126050420168066
Sek_Konstantin,3.0,8.0,0.375
Semetey,11.0,43.0,0.2558139534883721
Semyon_Khanin,5.0,19.0,0.2631578947368421
Seochesspie,48.0,144.0,0.3333333333333333
SerGo055,1.0,6.0,0.16666666666666666
Sethu0025,14.0,37.0,0.3783783783783784
ShMat92,1.0,2.0,0.5
ShadowKing71,2.0,12.0,0.16666666666666666
Shankland,95.0,174.0,0.5459770114942529
SharapovEvgeny,5.0,21.0,0.23809523809523808
Shield12,132.0,228.0,0.5789473684210527
ShiroglanTalibov,28.0,84.0,0.3333333333333333
Shtembuliak,13.0,28.0,0.4642857142857143
Sibelephant,18.0,31.0,0.5806451612903226
Silent-Killer100,3.0,11.0,0.2727272727272727
Sina_Movahed,141.0,224.0,0.6294642857142857
SirMittensofMittensville,2.0,25.0,0.08
Skatchkov_V,1.0,30.0,0.03333333333333333
Sl4werThanYou,4.0,30.0,0.13333333333333333
SlipperySpeedster,3.0,18.0,0.16666666666666666
Smirnov_Pavel,2.0,10.0,0.2
Smoking_Crow,2.0,13.0,0.15384615384615385
SnekkerAndersen,3.0,12.0,0.25
Sokoloco,31.0,108.0,0.28703703703703703
Som2310,3.0,9.0,0.3333333333333333
SpeedofLight0,275.0,416.0,0.6610576923076923
Stanbad1,2.0,15.0,0.13333333333333333
Statham,14.0,74.0,0.1891891891891892
StefanosKazantzoglou,1.0,3.0,0.3333333333333333
StockFisher_HBK,3.0,15.0,0.2
Suleyman_Chess06,7.0,34.0,0.20588235294117646
SuperPower2011,2.0,12.0,0.16666666666666666
Susal_De_Silva,5.0,23.0,0.21739130434782608
Sven_Tica,3.0,8.0,0.375
Swarnapuri,2.0,5.0,0.4
Sychev_Klementy,15.0,34.0,0.4411764705882353
Sychev_on_YouTube,40.0,73.0,0.547945205479452
Szparu,115.0,249.0,0.46184738955823296
TERMINATOR_PC,1.0,14.0,0.07142857142857142
TRadjabov,38.0,53.0,0.7169811320754716
TST2014,1.0,2.0,0.5
Tactrics,6.0,17.0,0.35294117647058826
Tactrics64,3.0,6.0,0.5
TanitoluwaAps116,32.0,129.0,0.24806201550387597
Tartody,1.0,5.0,0.2
TatjanaVasilevich,4.0,14.0,0.2857142857142857
Temirlan_Baltabaev,1.0,3.0,0.3333333333333333
TenisMaster,30.0,68.0,0.4411764705882353
Th3_Hound,2.0,11.0,0.18181818181818182
TheBigBoss04,12.0,34.0,0.35294117647058826
TheCavemanChess,4.0,28.0,0.14285714285714285
TheRealGmochey,13.0,29.0,0.4482758620689655
TheSilmarils,7.0,26.0,0.2692307692307692
The_Machine04,18.0,74.0,0.24324324324324326
The_Sherman_Variation,1.0,15.0,0.06666666666666667
Thjop,2.0,26.0,0.07692307692307693
Thormento16,1.0,3.0,0.3333333333333333
ThunderrPanda,4.0,6.0,0.6666666666666666
TigrVShlyape,397.0,811.0,0.48951911220715166
Tikhon_Popov,1.0,3.0,0.3333333333333333
TimAina,1.0,4.0,0.25
TimGrutter03,4.0,24.0,0.16666666666666666
Timerkhanov,7.0,44.0,0.1590909090909091
TimofeevAr,17.0,50.0,0.34
Tobias_Koelle,9.0,19.0,0.47368421052631576
TomsKantans,2.0,6.0,0.3333333333333333
Tomytoteph,3.0,14.0,0.21428571428571427
Tormoz,16.0,26.0,0.6153846153846154
TrahtarBelarus,7.0,30.0,0.23333333333333334
TranJMinh,4.0,6.0,0.6666666666666666
Truequitos,2.0,25.0,0.08
Twitch_ElhamBlitz05,3.0,5.0,0.6
UmutErdemGunduz,5.0,12.0,0.4166666666666667
Unmerciful_life,1.0,3.0,0.3333333333333333
Vaathi_Coming,137.0,243.0,0.5637860082304527
Vadim_Galchenko,1.0,3.0,0.3333333333333333
Vahe_Danielyan,15.0,64.0,0.234375
Vahuje,2.0,5.0,0.4
ValentinDragnev,6.0,28.0,0.21428571428571427
ValentunHulka,10.0,40.0,0.25
Valera_B5,31.0,53.0,0.5849056603773585
ValeriyGrinev,7.0,32.0,0.21875
Valiyev_Shahin,3.0,10.0,0.3
VerdeNotte,21.0,48.0,0.4375
ViIIagra,115.0,227.0,0.5066079295154186
VincentKeymer,115.0,187.0,0.6149732620320856
Vincent_Vega95,8.0,21.0,0.38095238095238093
ViralduS,1.0,13.0,0.07692307692307693
VitaliyBernadskiy,20.0,59.0,0.3389830508474576
VladimirKramnik,230.0,396.0,0.5808080808080808
Vladimir_2020,4.0,28.0,0.14285714285714285
Vladimir_Zakhartsov,93.0,216.0,0.4305555555555556
VojtechPlat,6.0,17.0,0.35294117647058826
Volodar_Murzin,57.0,89.0,0.6404494382022472
Vsevolod_Ovchinnikov,2.0,19.0,0.10526315789473684
Vuk2000,8.0,53.0,0.1509433962264151
WPWPWP-2015,6.0,53.0,0.11320754716981132
WaybackBoy,1.0,6.0,0.16666666666666666
WhiteKnight2612,11.0,54.0,0.2037037037037037
WildBizon,1.0,4.0,0.25
WildTricks,2.0,7.0,0.2857142857142857
Witik,26.0,145.0,0.1793103448275862
Wizard_97,1.0,13.0,0.07692307692307693
WoodlandMagic,5.0,23.0,0.21739130434782608
WorriedEgg,5.0,11.0,0.45454545454545453
XDPS,34.0,107.0,0.3177570093457944
XiaoKangZhong,1.0,5.0,0.2
YQPerez,5.0,9.0,0.5555555555555556
Yaacovn,24.0,91.0,0.26373626373626374
Yan_Dyomin2010,5.0,26.0,0.19230769230769232
YegoryoCh,1.0,2.0,0.5
Yeritsyaan,5.0,14.0,0.35714285714285715
Yerlan-Ra,2.0,3.0,0.6666666666666666
Ykow,8.0,37.0,0.21621621621621623
Yoshkinkot,1.0,4.0,0.25
YouJustFoundYourGodfather,2.0,9.0,0.2222222222222222
YouShallNotPass001,2.0,6.0,0.3333333333333333
Young_Catalan_Player09,1.0,1.0,1.0
Zakaryan_David,1.0,6.0,0.16666666666666666
Zarinur,2.0,8.0,0.25
Zavgorodniy_Sergiy,9.0,40.0,0.225
Zhigalko_Sergei,420.0,811.0,0.5178791615289766
Zhuu96,5.0,8.0,0.625
Zkid,31.0,60.0,0.5166666666666667
Zlatan56,16.0,28.0,0.5714285714285714
Zohid6,58.0,156.0,0.3717948717948718
Zorbos,2.0,14.0,0.14285714285714285
Zq1,3.0,32.0,0.09375
Zubrrr,4.0,9.0,0.4444444444444444
Zurability,25.0,94.0,0.26595744680851063
ZverevLev,4.0,12.0,0.3333333333333333
aa175,7.0,48.0,0.14583333333333334
abhidabhi,21.0,45.0,0.4666666666666667
abhijeetgupta,6.0,8.0,0.75
adapodadei,3.0,19.0,0.15789473684210525
adiosabu,2.0,3.0,0.6666666666666666
adotand,28.0,51.0,0.5490196078431373
aeiiuu,2.0,6.0,0.3333333333333333
agartha01,2.0,3.0,0.6666666666666666
aghasiyevkamal,2.0,21.0,0.09523809523809523
ahkashefi2800,4.0,29.0,0.13793103448275862
albayo,1.0,5.0,0.2
albi1999,4.0,27.0,0.14814814814814814
alexrustemov,103.0,367.0,0.28065395095367845
alreadybroken23,3.0,14.0,0.21428571428571427
amanmuhammethommadov,4.0,19.0,0.21052631578947367
amateurchess20,6.0,21.0,0.2857142857142857
ameetghasi100,25.0,90.0,0.2777777777777778
amintabatabaei,113.0,177.0,0.6384180790960452
andrejljepic,1.0,4.0,0.25
angelgab3,1.0,9.0,0.1111111111111111
anon6121824,46.0,75.0,0.6133333333333333
aquarium76,2.0,4.0,0.5
arminmusovic,1.0,15.0,0.06666666666666667
arnoldpetra,1.0,2.0,0.5
artin10862,138.0,310.0,0.44516129032258067
artooon,173.0,283.0,0.6113074204946997
astralpulse,6.0,20.0,0.3
atbenina64,16.0,66.0,0.24242424242424243
attack2mateU,18.0,51.0,0.35294117647058826
aval7an,1.0,2.0,0.5
baag,8.0,22.0,0.36363636363636365
babyking1205,1.0,5.0,0.2
baki83,91.0,242.0,0.3760330578512397
balachess2006,1.0,7.0,0.14285714285714285
banane_verte,1.0,5.0,0.2
bancsoo,7.0,30.0,0.23333333333333334
bardiya_Daneshvar,48.0,84.0,0.5714285714285714
bascheyaro,38.0,145.0,0.2620689655172414
bazar-wokzal,19.0,105.0,0.18095238095238095
becemix,1.0,4.0,0.25
benny_aizenberg,9.0,39.0,0.23076923076923078
betta2004,1.0,17.0,0.058823529411764705
bilosuvenosu06,1.0,4.0,0.25
biostatistician,4.0,40.0,0.1
biveklama,1.0,3.0,0.3333333333333333
blank0923,1.0,6.0,0.16666666666666666
blitzking1729,25.0,92.0,0.2717391304347826
bocah_sakit,7.0,29.0,0.2413793103448276
bornofthestorm,2.0,3.0,0.6666666666666666
brunoo2003,2.0,10.0,0.2
c63_amg,10.0,31.0,0.3225806451612903
carlesdc96,3.0,6.0,0.5
carokannlover213,12.0,90.0,0.13333333333333333
caropawn10,1.0,5.0,0.2
cassoulet,24.0,70.0,0.34285714285714286
champ2005,15.0,30.0,0.5
chegueps,2.0,14.0,0.14285714285714285
chenxiaoyuer,22.0,66.0,0.3333333333333333
chess123456s,2.0,14.0,0.14285714285714285
chess94cu,4.0,17.0,0.23529411764705882
chessS1r,1.0,6.0,0.16666666666666666
chessajedrezz2020,1.0,5.0,0.2
chessdjw,17.0,91.0,0.18681318681318682
chessdude,1.0,4.0,0.25
chessfatbear,8.0,29.0,0.27586206896551724
chessforthesun,7.0,24.0,0.2916666666666667
chessisveryfun1264,9.0,34.0,0.2647058823529412
chesskov1982,4.0,7.0,0.5714285714285714
chessllermo,4.0,42.0,0.09523809523809523
chesspanda123,7.0,11.0,0.6363636363636364
chesspreceptor,1.0,6.0,0.16666666666666666
chito89,35.0,93.0,0.3763440860215054
chucksterf10,3.0,14.0,0.21428571428571427
ckgchess,52.0,141.0,0.36879432624113473
colegiodemadrid,2.0,18.0,0.1111111111111111
combidharma,2.0,10.0,0.2
crazy_but_lazy,8.0,45.0,0.17777777777777778
crazy_machine,1.0,9.0,0.1111111111111111
crazyluzhinTh3,1.0,5.0,0.2
crescentmoon2411,90.0,191.0,0.4712041884816754
cristianserban1,1.0,15.0,0.06666666666666667
csati17,4.0,19.0,0.21052631578947367
cthulhuuu,3.0,9.0,0.3333333333333333
czechbul17,1.0,1.0,1.0
dalmatinac101,1.0,3.0,0.3333333333333333
daro94,11.0,24.0,0.4583333333333333
dawid498,2.0,17.0,0.11764705882352941
dcremisi,4.0,23.0,0.17391304347826086
dedpihto_v_kozhanom_palto,6.0,52.0,0.11538461538461539
defenceboy,2.0,6.0,0.3333333333333333
demon64fields,10.0,19.0,0.5263157894736842
denizozen,10.0,22.0,0.45454545454545453
deribas12345,1.0,7.0,0.14285714285714285
diokletian,2.0,3.0,0.6666666666666666
djano,8.0,88.0,0.09090909090909091
djokovic74,8.0,41.0,0.1951219512195122
dmitrijiIM,17.0,35.0,0.4857142857142857
dozer80,4.0,14.0,0.2857142857142857
dretch,82.0,213.0,0.38497652582159625
dropstoneDP,579.0,997.0,0.5807422266800402
dzhumagaliev,5.0,21.0,0.23809523809523808
eagleclaw07,6.0,33.0,0.18181818181818182
edgarhay012,3.0,22.0,0.13636363636363635
elcandado,2.0,5.0,0.4
eldur16,3.0,9.0,0.3333333333333333
eljanov,79.0,181.0,0.43646408839779005
ellatambien,6.0,39.0,0.15384615384615385
elohunter1999,3.0,9.0,0.3333333333333333
emiliocordova,26.0,66.0,0.3939393939393939
enestnrvrd,5.0,20.0,0.25
enriquetejedor,14.0,36.0,0.3888888888888889
epiclord678,1.0,1.0,1.0
eragon02,3.0,16.0,0.1875
erwinlami,3.0,7.0,0.42857142857142855
evgchess5,22.0,58.0,0.3793103448275862
farzadbfd,8.0,39.0,0.20512820512820512
fastestmindalive,3.0,11.0,0.2727272727272727
fighter2jz,5.0,13.0,0.38461538461538464
filipluczak05,7.0,19.0,0.3684210526315789
fireheart92,31.0,57.0,0.543859649122807
florianschwabeneder,2.0,9.0,0.2222222222222222
fmshawnrl123,7.0,15.0,0.4666666666666667
forevery0ung,5.0,25.0,0.2
francyIM,8.0,27.0,0.2962962962962963
frederiksvane,188.0,320.0,0.5875
ftorodent,1.0,9.0,0.1111111111111111
gahryman,17.0,56.0,0.30357142857142855
garcho08,15.0,21.0,0.7142857142857143
gena217,6.0,10.0,0.6
gmcorrales,18.0,46.0,0.391304347826087
gmjlh,1.0,3.0,0.3333333333333333
goofypenguin96,1.0,2.0,0.5
gpeloui,1.0,1.0,1.0
greekplayer1,8.0,37.0,0.21621621621621623
grzechu96,17.0,94.0,0.18085106382978725
gshwbedhkhd,1.0,8.0,0.125
gueraumasague,1.0,4.0,0.25
gurelediz,49.0,78.0,0.6282051282051282
h4parah5,190.0,314.0,0.6050955414012739
hakanazeri2,16.0,66.0,0.24242424242424243
hansen,69.0,128.0,0.5390625
hasagoodchesser,4.0,11.0,0.36363636363636365
heyerik,1.0,1.0,1.0
honestgames,6.0,18.0,0.3333333333333333
hongnhung1234,1.0,5.0,0.2
howitzer14,8.0,14.0,0.5714285714285714
iHateNAJDORF,1.0,3.0,0.3333333333333333
igorkovalenko,68.0,136.0,0.5
iliaguevnisim,3.0,8.0,0.375
ilm2034,2.0,6.0,0.3333333333333333
ilqar_74,11.0,63.0,0.1746031746031746
infinitegiantkiller,1.0,5.0,0.2
inneremptiness,3.0,7.0,0.42857142857142855
iturrizaga,62.0,92.0,0.6739130434782609
iwanyu,11.0,29.0,0.3793103448275862
jacky72,8.0,20.0,0.4
jakopogi,8.0,25.0,0.32
jaskol95,2.0,28.0,0.07142857142857142
jbking07,1.0,3.0,0.3333333333333333
jcibarra,357.0,658.0,0.5425531914893617
jeetjain,2.0,11.0,0.18181818181818182
jefferyx,495.0,750.0,0.66
jens1102,2.0,9.0,0.2222222222222222
jguerramzllo,2.0,8.0,0.25
jinbojinbo,7.0,32.0,0.21875
jk13,5.0,52.0,0.09615384615384616
johnathan113,1.0,7.0,0.14285714285714285
joppie2,92.0,138.0,0.6666666666666666
joshdaruca,1.0,4.0,0.25
josiwales,4.0,10.0,0.4
josmito10,4.0,11.0,0.36363636363636365
js20000,19.0,69.0,0.2753623188405797
juancruzarias,2.0,19.0,0.10526315789473684
jumpingknight20,8.0,22.0,0.36363636363636365
kachsona,3.0,18.0,0.16666666666666666
kakarot_001,2.0,11.0,0.18181818181818182
karinachess1,9.0,64.0,0.140625
kemelgallo,1.0,6.0,0.16666666666666666
ketster,1.0,11.0,0.09090909090909091
kids2010,6.0,37.0,0.16216216216216217
kikoveiga,2.0,24.0,0.08333333333333333
kingnb,1.0,9.0,0.1111111111111111
kingofthenil,47.0,135.0,0.34814814814814815
kirillshevchenko,28.0,48.0,0.5833333333333334
kleinebeer98,70.0,174.0,0.40229885057471265
klimkoj,27.0,77.0,0.35064935064935066
komogro,1.0,18.0,0.05555555555555555
korason34,1.0,7.0,0.14285714285714285
koziororo,3.0,15.0,0.2
kpio91,12.0,35.0,0.34285714285714286
kreonx,1.0,3.0,0.3333333333333333
krstulov_alex,3.0,11.0,0.2727272727272727
krzyzan94,54.0,174.0,0.3103448275862069
kuli4ik,68.0,129.0,0.5271317829457365
kushagramohan,1.0,3.0,0.3333333333333333
lachesisQ,199.0,290.0,0.6862068965517242
lagunanivaria,2.0,5.0,0.4
lamomiajunior,25.0,129.0,0.1937984496124031
lavr92,4.0,17.0,0.23529411764705882
lefonghua,7.0,42.0,0.16666666666666666
legendisback1,50.0,94.0,0.5319148936170213
liczner,10.0,27.0,0.37037037037037035
lilleper1,34.0,78.0,0.4358974358974359
lioni26,1.0,2.0,0.5
luckyswitchback,7.0,31.0,0.22580645161290322
lucliasco,13.0,43.0,0.3023255813953488
lukas_111111,2.0,15.0,0.13333333333333333
lupta_robin,6.0,25.0,0.24
m_ezat,1.0,27.0,0.037037037037037035
mac0504,7.0,29.0,0.2413793103448276
maciek_92,32.0,93.0,0.34408602150537637
manitodeplomo,4.0,43.0,0.09302325581395349
marcodobrikov,3.0,22.0,0.13636363636363635
marianokar,1.0,1.0,1.0
masterofpuppets2,2.0,10.0,0.2
maximnovik,2.0,22.0,0.09090909090909091
mbachez,1.0,3.0,0.3333333333333333
mbojan,141.0,315.0,0.44761904761904764
meoluoi91,3.0,15.0,0.2
messiboca,3.0,12.0,0.25
michaelq2d5,4.0,10.0,0.4
mind1mover,18.0,65.0,0.27692307692307694
mishanick,766.0,1091.0,0.7021081576535289
mitrabhaa,96.0,189.0,0.5079365079365079
monomita,7.0,29.0,0.2413793103448276
moro182,71.0,172.0,0.4127906976744186
mr_gustavo,15.0,64.0,0.234375
musclemonster12,1.0,9.0,0.1111111111111111
nabukatnezarr,3.0,13.0,0.23076923076923078
nekotyanof,5.0,29.0,0.1724137931034483
nihalsarin,457.0,643.0,0.7107309486780715
nochewycandy,5.0,16.0,0.3125
nocnypako,11.0,39.0,0.28205128205128205
nrvignesh,3.0,14.0,0.21428571428571427
nrvisakh,11.0,31.0,0.3548387096774194
nurgyulsalimova,7.0,16.0,0.4375
nycjack1,1.0,1.0,1.0
olksuna,4.0,12.0,0.3333333333333333
only_strong_moves,4.0,74.0,0.05405405405405406
onyshchuk_v,21.0,73.0,0.2876712328767123
oskariot,14.0,75.0,0.18666666666666668
ozates,13.0,71.0,0.18309859154929578
pavet,2.0,10.0,0.2
penguingm1,125.0,222.0,0.5630630630630631
pheonixking2000,24.0,45.0,0.5333333333333333
platy3,107.0,262.0,0.4083969465648855
pouya21,15.0,45.0,0.3333333333333333
praveenb2002,3.0,14.0,0.21428571428571427
profedechess93,2.0,22.0,0.09090909090909091
promen1999,11.0,24.0,0.4583333333333333
psychokiller48,4.0,16.0,0.25
puz2010,1.0,3.0,0.3333333333333333
quietsunset,6.0,17.0,0.35294117647058826
quvnoq_muxlis,1.0,12.0,0.08333333333333333
qx4z,1.0,6.0,0.16666666666666666
rasmussvane,359.0,655.0,0.5480916030534351
ravengelic,1.0,7.0,0.14285714285714285
rednova1729,22.0,32.0,0.6875
reevecanada,8.0,42.0,0.19047619047619047
remi04,8.0,24.0,0.3333333333333333
rezamahdavi2008,95.0,225.0,0.4222222222222222
rhungaski,4.0,18.0,0.2222222222222222
ridnani2021,2.0,5.0,0.4
rookoco,7.0,22.0,0.3181818181818182
rpragchess,33.0,53.0,0.6226415094339622
rquery98,6.0,20.0,0.3
rychessmaster1,5.0,39.0,0.1282051282051282
saikrishnaReturns,7.0,33.0,0.21212121212121213
sansanathalia,1.0,2.0,0.5
santosalberto1987,2.0,25.0,0.08
savitha1030,2.0,5.0,0.4
scandalgod,1.0,15.0,0.06666666666666667
scarabee43,56.0,156.0,0.358974358974359
secretworker2027,3.0,33.0,0.09090909090909091
seorobert1971,2.0,12.0,0.16666666666666666
seramoral,3.0,15.0,0.2
sergiochess83,122.0,284.0,0.4295774647887324
sergoy,223.0,386.0,0.5777202072538861
severomorskij,4.0,11.0,0.36363636363636365
sganerdene,3.0,10.0,0.3
sheldons73tshirt,3.0,7.0,0.42857142857142855
shimastream,273.0,454.0,0.6013215859030837
shrek4life02,1.0,8.0,0.125
siciliannaga,2.0,8.0,0.25
skkeyan1309,3.0,9.0,0.3333333333333333
slavenok,1.0,7.0,0.14285714285714285
slidingknight2775,5.0,27.0,0.18518518518518517
snowlord,81.0,165.0,0.4909090909090909
sofaceindisguise,11.0,71.0,0.15492957746478872
sokidze,32.0,111.0,0.2882882882882883
spaski2004,2.0,5.0,0.4
spicycaterpillar,25.0,37.0,0.6756756756756757
starworld123,13.0,40.0,0.325
stefan_95,2.0,6.0,0.3333333333333333
stoleriu,2.0,12.0,0.16666666666666666
stollenmonster,82.0,209.0,0.3923444976076555
subham777,3.0,34.0,0.08823529411764706
sumopork,1.0,2.0,0.5
superchess02,22.0,47.0,0.46808510638297873
suyu28,6.0,31.0,0.1935483870967742
tdf98pantani,19.0,71.0,0.2676056338028169
temiksmozg,1.0,30.0,0.03333333333333333
temus_galaktionov,30.0,115.0,0.2608695652173913
tetrix83,3.0,21.0,0.14285714285714285
the_chess_child,50.0,100.0,0.5
theredking89,9.0,18.0,0.5
tjallkompall,2.0,15.0,0.13333333333333333
tjychess,9.0,16.0,0.5625
tomesao,1.0,5.0,0.2
toog,1.0,3.0,0.3333333333333333
topce,1.0,4.0,0.25
topotun,3.0,8.0,0.375
tptagain,204.0,374.0,0.5454545454545454
traviscottofficial,3.0,13.0,0.23076923076923078
tsaruk_maks,8.0,30.0,0.26666666666666666
tsvet2005,4.0,11.0,0.36363636363636365
turayev_shahruh17,2.0,14.0,0.14285714285714285
tuschessCM1,5.0,9.0,0.5555555555555556
tvjosue,1.0,8.0,0.125
twofoxniel,5.0,21.0,0.23809523809523808
ukchessbomber,7.0,28.0,0.25
ulises2013,8.0,38.0,0.21052631578947367
ural58,5.0,32.0,0.15625
urumirtsepmet1,1.0,7.0,0.14285714285714285
valeriocarnicelli,1.0,8.0,0.125
varunkrishnanchess,2.0,18.0,0.1111111111111111
vasblesk,11.0,49.0,0.22448979591836735
vellottiwizard,7.0,9.0,0.7777777777777778
vi_pranav,370.0,579.0,0.6390328151986183
viditchess,46.0,74.0,0.6216216216216216
viktorgen2021,1.0,14.0,0.07142857142857142
viktorskliarov,3.0,41.0,0.07317073170731707
vincentmasuka,1.0,4.0,0.25
vishwa_vijeta,1.0,11.0,0.09090909090909091
viviania,12.0,25.0,0.48
vladgoncharov,2.0,29.0,0.06896551724137931
vladislavkovalev,126.0,297.0,0.42424242424242425
volcanoexplorer,2.0,7.0,0.2857142857142857
vova-79,1.0,2.0,0.5
vovachesss,7.0,54.0,0.12962962962962962
vugarrasulov,283.0,500.0,0.566
wadsy27,3.0,41.0,0.07317073170731707
wannabe2700,13.0,35.0,0.37142857142857144
wonderfultime,413.0,607.0,0.6803953871499177
wqws,13.0,63.0,0.20634920634920634
wudileige,4.0,8.0,0.5
x-5727544656,4.0,9.0,0.4444444444444444
xakevicius91,1.0,13.0,0.07692307692307693
xamax2000,16.0,32.0,0.5
xasid81,2.0,31.0,0.06451612903225806
xiaotong2008,8.0,21.0,0.38095238095238093
xxysoul6,56.0,96.0,0.5833333333333334
yavrukurt40,5.0,9.0,0.5555555555555556
yobdc,1.0,10.0,0.1
yosephtaher,31.0,68.0,0.45588235294117646
youngKID,13.0,31.0,0.41935483870967744
yoursillykitten,1.0,4.0,0.25
zimmm36,9.0,50.0,0.18
zsoltkorpics,1.0,6.0,0.16666666666666666
zverr1,2.0,28.0,0.07142857142857142
1982lf,1.0,3.0,0.3333333333333333
2KTNGO,1.0,3.0,0.3333333333333333
ACollins05,1.0,7.0,0.14285714285714285
ALaOneAgain,1.0,3.0,0.3333333333333333
Acva-Alenok,1.0,3.0,0.3333333333333333
Alexchess1984,5.0,31.0,0.16129032258064516
Andrei_Belozerov,1.0,4.0,0.25
Anirudhha33,1.0,1.0,1.0
AnthonyWirig,1.0,10.0,0.1
Arigu07,1.0,3.0,0.3333333333333333
Artem_0degov,2.0,7.0,0.2857142857142857
Artyom_ChessMate,1.0,9.0,0.1111111111111111
Aslanov_Umid,1.0,12.0,0.08333333333333333
Babbelbox,1.0,10.0,0.1
Bad_left_hook,2.0,9.0,0.2222222222222222
Barmen_EV,1.0,9.0,0.1111111111111111
Batica1984,1.0,3.0,0.3333333333333333
Battever,1.0,5.0,0.2
Bekaeasycool,1.0,5.0,0.2
BestStelker,2.0,12.0,0.16666666666666666
BlackBoarder,2.0,20.0,0.1
BlitzWizard04,2.0,10.0,0.2
Blitz_Lover1,1.0,8.0,0.125
BornaFranc007,1.0,6.0,0.16666666666666666
BreatheChessAlways,2.0,5.0,0.4
CDOEspiao,1.0,5.0,0.2
CM_rui,1.0,6.0,0.16666666666666666
Caracal3000,1.0,6.0,0.16666666666666666
CarlssonLudvig,1.0,7.0,0.14285714285714285
Carnivoras,2.0,9.0,0.2222222222222222
Championnn-9,1.0,9.0,0.1111111111111111
ChessTankMan,1.0,8.0,0.125
Chess_Caio2007,1.0,6.0,0.16666666666666666
Chessfinity27,1.0,4.0,0.25
Cipy77,1.0,9.0,0.1111111111111111
Cosi43,1.0,5.0,0.2
Cruel_Yaro,1.0,6.0,0.16666666666666666
DHLT216,1.0,3.0,0.3333333333333333
DIMONBANAN,1.0,4.0,0.25
DanylaBagrov,1.0,15.0,0.06666666666666667
DenishevM,2.0,6.0,0.3333333333333333
Diaschess88,1.0,7.0,0.14285714285714285
Dinosaurio_1975,1.0,6.0,0.16666666666666666
Doomfist26,1.0,15.0,0.06666666666666667
Dr-Bassem,1.0,4.0,0.25
Dr_troll,1.0,11.0,0.09090909090909091
DragonB70,2.0,22.0,0.09090909090909091
DuDaKi,1.0,5.0,0.2
EAtakishiyev11,1.0,2.0,0.5
Ergali_Suleimen,1.0,5.0,0.2
Faqade,1.0,3.0,0.3333333333333333
Feegus,1.0,2.0,0.5
Forge13,1.0,14.0,0.07142857142857142
FrankDux44,1.0,10.0,0.1
Freefresh,1.0,3.0,0.3333333333333333
FuenfgegenWilly,1.0,8.0,0.125
GAZZAN_3000,1.0,11.0,0.09090909090909091
GMAneta,1.0,6.0,0.16666666666666666
GMNeiksans,1.0,2.0,0.5
Glek_Igor,1.0,3.0,0.3333333333333333
Gold_Ocean,1.0,1.0,1.0
Grossboss19,1.0,13.0,0.07692307692307693
Guzman70,1.0,2.0,0.5
HaryKane,1.0,7.0,0.14285714285714285
Herzog2012,1.0,7.0,0.14285714285714285
Homelander150,1.0,10.0,0.1
IMGC,1.0,3.0,0.3333333333333333
Igor_Kowalski,1.0,2.0,0.5
JM05C,1.0,3.0,0.3333333333333333
JiaHaoxiang,2.0,14.0,0.14285714285714285
JoJoZP,1.0,1.0,1.0
JonaszBaum,1.0,4.0,0.25
JoseRemolar,1.0,14.0,0.07142857142857142
Jovidon91,1.0,2.0,0.5
JunjiCol,1.0,4.0,0.25
KRAT0S_GOW,1.0,1.0,1.0
Kampkatten,1.0,3.0,0.3333333333333333
KevinGeorgeMicheal,1.0,11.0,0.09090909090909091
Kevin_Goh,1.0,5.0,0.2
Khamrakulov_Djurabek,1.0,4.0,0.25
Let_it_be_1,2.0,26.0,0.07692307692307693
Losingexperience,1.0,14.0,0.07142857142857142
Lupul_Cenusiu,1.0,4.0,0.25
MFatigue,1.0,13.0,0.07692307692307693
MPCandelario,2.0,7.0,0.2857142857142857
Maikrosoft63,1.0,13.0,0.07692307692307693
Medarde94,1.0,3.0,0.3333333333333333
Megagigahiper3345,1.0,8.0,0.125
MeisterJabo,1.0,5.0,0.2
MightyMike_009,1.0,8.0,0.125
MinaWael23,1.0,3.0,0.3333333333333333
Mmukka,1.0,2.0,0.5
Moon_stone123,1.0,5.0,0.2
Mrlammy,1.0,3.0,0.3333333333333333
Muslim_player_05,1.0,4.0,0.25
N4700000,1.0,5.0,0.2
Necromon,1.0,3.0,0.3333333333333333
NelsonLinda,2.0,18.0,0.1111111111111111
NewBornNow,1.0,14.0,0.07142857142857142
Nuvas,1.0,10.0,0.1
OglazaOskar2005,1.0,4.0,0.25
Omranalhosani22,1.0,1.0,1.0
OverallStranger,1.0,5.0,0.2
Pedrada88,1.0,3.0,0.3333333333333333
PenguinPacks,1.0,2.0,0.5
Phamtrangiaphuc2009,1.0,3.0,0.3333333333333333
PoAslan,1.0,6.0,0.16666666666666666
ProfessorChess101,2.0,14.0,0.14285714285714285
Raja3401,1.0,2.0,0.5
Ratkovic_Miloje,1.0,7.0,0.14285714285714285
RaugintaBulba,1.0,11.0,0.09090909090909091
Riku-gan,1.0,2.0,0.5
RoelandPruijssers,1.0,3.0,0.3333333333333333
RrainlessBobot,1.0,4.0,0.25
SALVA-DALI,1.0,4.0,0.25
Saif_Malek04,1.0,7.0,0.14285714285714285
Sammed_Shete,1.0,13.0,0.07692307692307693
SandwichOSaumon,1.0,7.0,0.14285714285714285
Savagelittlemole,1.0,10.0,0.1
Sergey85Rodchenkov,1.0,6.0,0.16666666666666666
SergioMoralesG,1.0,3.0,0.3333333333333333
ShahMatKanal,1.0,10.0,0.1
Sharan_Rao,1.0,3.0,0.3333333333333333
ShazilTheGOAT2006,1.0,3.0,0.3333333333333333
Shubinkirill2003,1.0,4.0,0.25
Shuvalov,1.0,18.0,0.05555555555555555
Siniauski,1.0,6.0,0.16666666666666666
SirStrateg,1.0,22.0,0.045454545454545456
SlavenPastar,1.0,10.0,0.1
SouS007,1.0,8.0,0.125
Squirlolz,1.0,16.0,0.0625
StoreySniper,1.0,4.0,0.25
THE_PLAYER6,1.0,4.0,0.25
Tactictic,1.0,3.0,0.3333333333333333
TheKnightOfBosnia,1.0,5.0,0.2
ThePeacefulPanda,1.0,5.0,0.2
Ticondriul,1.0,9.0,0.1111111111111111
TigranMukhutdinov,2.0,10.0,0.2
Titus369,1.0,6.0,0.16666666666666666
TokChess,2.0,9.0,0.2222222222222222
TomLiu777,1.0,2.0,0.5
TorFredrikKaasen,1.0,4.0,0.25
Trendle,1.0,9.0,0.1111111111111111
Tunahan_Makaraci,1.0,4.0,0.25
Vaibhavraut99,2.0,14.0,0.14285714285714285
Vanina1989,2.0,19.0,0.10526315789473684
Yurovskykh_Oleksandr,1.0,6.0,0.16666666666666666
abykhovsky,1.0,1.0,1.0
aceontheturn,1.0,7.0,0.14285714285714285
alertakobra,1.0,3.0,0.3333333333333333
ama18,1.0,4.0,0.25
anasta10,2.0,12.0,0.16666666666666666
ansko1999,2.0,30.0,0.06666666666666667
azikom,1.0,9.0,0.1111111111111111
beatles_22,1.0,2.0,0.5
boasovietica,1.0,1.0,1.0
brm72,2.0,28.0,0.07142857142857142
chessablanca,1.0,2.0,0.5
chessintuit,2.0,11.0,0.18181818181818182
chika-lily,1.0,3.0,0.3333333333333333
daika91,1.0,3.0,0.3333333333333333
divudis17,1.0,3.0,0.3333333333333333
draksbg,1.0,3.0,0.3333333333333333
e4Bg7,1.0,3.0,0.3333333333333333
el_sporco,1.0,10.0,0.1
elextranjero00,1.0,3.0,0.3333333333333333
english_player_89,1.0,4.0,0.25
fodorpoti,1.0,4.0,0.25
frankshar,1.0,3.0,0.3333333333333333
fu24,1.0,3.0,0.3333333333333333
grandmastergauri,1.0,3.0,0.3333333333333333
hblanco,1.0,3.0,0.3333333333333333
jup1978,1.0,22.0,0.045454545454545456
kacperkarwowski,1.0,3.0,0.3333333333333333
ketrabluwos,1.0,3.0,0.3333333333333333
kflorian98,1.0,3.0,0.3333333333333333
koncheto,1.0,27.0,0.037037037037037035
krucki03,1.0,6.0,0.16666666666666666
kunaevchess,1.0,3.0,0.3333333333333333
leejunhyeok,1.0,8.0,0.125
londonkid,1.0,10.0,0.1
masnyszachistaaa,1.0,10.0,0.1
mightysmasher,2.0,7.0,0.2857142857142857
miragha_yev,1.0,4.0,0.25
motivated_bishop,1.0,3.0,0.3333333333333333
mouniouboun,2.0,7.0,0.2857142857142857
newyorkmouse,1.0,14.0,0.07142857142857142
nikitakhoroshev,1.0,2.0,0.5
npaipal,1.0,1.0,1.0
onnoelgersma,1.0,3.0,0.3333333333333333
pauliukevicius,1.0,3.0,0.3333333333333333
pedro_gines,1.0,6.0,0.16666666666666666
pifion,1.0,2.0,0.5
pooh2012,1.0,9.0,0.1111111111111111
prime-morty,1.0,11.0,0.09090909090909091
purpurice,1.0,1.0,1.0
quizden37,2.0,8.0,0.25
reigningmvp,1.0,4.0,0.25
ril1997,2.0,12.0,0.16666666666666666
rockstar0902,1.0,6.0,0.16666666666666666
rrgchessmaster05,1.0,1.0,1.0
ruifeng,1.0,3.0,0.3333333333333333
sakkikuska,1.0,18.0,0.05555555555555555
samolo,2.0,10.0,0.2
schoolmeester,1.0,5.0,0.2
shEwAsonlyeLevEN11,1.0,1.0,1.0
soloderisas,1.0,5.0,0.2
sotochess,1.0,5.0,0.2
splendidkid,2.0,13.0,0.15384615384615385
stolencandy13,1.0,12.0,0.08333333333333333
super_emi_26,1.0,13.0,0.07692307692307693
swimmerchess,1.0,1.0,1.0
tacticthunder,1.0,11.0,0.09090909090909091
talman67,1.0,3.0,0.3333333333333333
tgpgoat,1.0,13.0,0.07692307692307693
the,1.0,4.0,0.25
thedjoker98,1.0,12.0,0.08333333333333333
tusplingher,2.0,16.0,0.125
vlad10898,1.0,3.0,0.3333333333333333
vladoboch,1.0,6.0,0.16666666666666666
whitemirrorninja,1.0,16.0,0.0625
wild3000,1.0,7.0,0.14285714285714285
x-2509604246,1.0,3.0,0.3333333333333333
x-9616587394,2.0,14.0,0.14285714285714285
ylr5000,1.0,1.0,1.0
zajka-molotok,1.0,20.0,0.05
zubridis,1.0,4.0,0.25
10n0l20,,1.0,
123lt,,2.0,
1f3_2g41-0,,2.0,
2346PL,,20.0,
2Coaches1Profile,,2.0,
2Tilted,,1.0,
A4RookA3,,1.0,
AGW2016,,9.0,
AIROPITO7,,2.0,
ASABA8892,,3.0,
ASVZ,,1.0,
Aash20,,2.0,
AbdulovOrkhan,,1.0,
Abduzhaparov,,2.0,
Aborigen_came,,9.0,
AccioChess,,4.0,
AcostaPablo,,4.0,
Adekrisna123,,1.0,
AdvanceGuard4,,5.0,
Aemulus20,,5.0,
Agent-JL,,9.0,
Aguiar94,,3.0,
AjedrezconPeter,,12.0,
AjedrezenMadrid,,2.0,
Akhmedov_David,,4.0,
Al_Shima,,2.0,
AlexOstrovskiy,,8.0,
AlexSuv,,1.0,
Alex_Banzea,,7.0,
AlexanderKing,,4.0,
Alexsur1981,,1.0,
AljoschaFeuerstack,,7.0,
Alohamora11,,9.0,
Alomaterapia,,1.0,
AlwaysPlayForAWin44,,4.0,
Anar_Aliakbarov,,2.0,
AndreiITrifan,,13.0,
Andrej2004,,8.0,
Angel_Hranitel_37,,2.0,
AngeloGM,,2.0,
AnnamariM2001,,1.0,
Antek_Radzimski,,3.0,
Apocalyps999,,5.0,
AquivaRubinstein,,2.0,
Ar4uha,,1.0,
Aram7Adam,,1.0,
ArchibaldCerveza29,,2.0,
ArchitectAura,,3.0,
Arjun2002,,2.0,
ArrestingPieces,,3.0,
Artem_Sadovskii,,4.0,
Artooooo,,3.0,
ArturoCaceres,,2.0,
Aryan_Tamadon,,7.0,
As0nchess,,3.0,
AsterPhoenix,,8.0,
Atanejhad,,2.0,
Atousa,,5.0,
AttackSparrow,,5.0,
AttilaTurzo,,4.0,
Aureliano-Buendia,,3.0,
AustinThomas12345,,3.0,
AwareIdea,,10.0,
BabageldiAnnaberdiyev,,8.0,
BabyAnton,,4.0,
BahadirOzen,,4.0,
Balla_Tamas,,6.0,
Barboval,,4.0,
Barbus89,,2.0,
Baronessa08,,7.0,
BashirovKemal,,4.0,
BasilSmash,,4.0,
Bastiandash,,6.0,
Bathory44,,1.0,
BelyakovBogdan,,4.0,
Benek77,,1.0,
BerlinDrawer,,3.0,
BetonCarlsen,,1.0,
Bilan_Danila,,27.0,
BilicVladimir,,5.0,
Biregina,,1.0,
BlackGod93,,3.0,
Blitzking642,,1.0,
Blue_Capybara,,5.0,
BlunderMaster2335,,1.0,
Bodnar_Mykola,,3.0,
Boorchess,,2.0,
Borsuk_Konstantin,,7.0,
Brahianzevich,,2.0,
Bugcrusher,,5.0,
Bullet_Jachym08,,1.0,
Burovic00,,1.0,
CADMartin,,1.0,
Caclox,,2.0,
CalmdownCalabreso,,1.0,
Cambek64,,7.0,
Capablanca_Oujda_2021,,4.0,
Caradhrast,,4.0,
Carlitus2004,,3.0,
Caroexpert,,4.0,
CarrotsandPizza,,3.0,
Casablanca,,12.0,
ChadBiryani,,5.0,
ChainedDowntohell,,5.0,
Chaubunagungamaug1,,6.0,
Cheer_Down,,7.0,
ChessPlayer-24,,2.0,
ChessRespected,,4.0,
ChessShop,,1.0,
Chess_Gainz,,1.0,
Chess_Star1234,,2.0,
Chesscoach_Golichenko,,3.0,
Chessdreamer2001,,1.0,
Chessexplained,,5.0,
Chessmatenokk17,,3.0,
ChesterF,,2.0,
ChrisTool2,,1.0,
ChristianArca,,2.0,
ChuckPhil,,2.0,
Cocolino31,,3.0,
Connectedcloud,,1.0,
CrgKrishna,,2.0,
CrimeFightingSpider07,,3.0,
CristhianPortalR,,9.0,
Cristi_Coca,,1.0,
CristianS27,,11.0,
CruzWilliam,,2.0,
Cubitas,,6.0,
Cugimura97,,2.0,
DCacheiro,,1.0,
Dacean99,,6.0,
DanielTitichoca,,4.0,
DanilNajdin,,1.0,
Danito1954,,1.0,
DanyKopy,,2.0,
DavidLana1987,,4.0,
David_ATM,,1.0,
DawidCzerw,,9.0,
DawnofEpiphany,,2.0,
DeArron_Fox,,16.0,
Deeper44,,3.0,
Defenstrator,,3.0,
DenisQ,,9.0,
Denmark2015,,3.0,
Der_Balak_3Halak,,2.0,
Der_Honigdachs,,1.0,
Devil_Sun,,3.0,
Dexter_Dyke,,2.0,
Didici,,2.0,
Diego_FloresQ,,2.0,
Dinamo3,,2.0,
Dino_Ballecer,,1.0,
DiogenesSinopeus,,1.0,
Divljasvinja14,,1.0,
Dom1nant1337,,2.0,
DonMicheleCorleone,,2.0,
DontMessWithTheFish,,3.0,
Dontmesswithme_2,,2.0,
DrCeltic,,2.0,
DrDreBeats,,2.0,
DrMamaliga,,2.0,
Dr_Pepper18,,2.0,
Dragon_Dmitry,,3.0,
Ducke13,,2.0,
DucksParadise,,8.0,
ELAREMETR,,3.0,
EddieMarsalla,,14.0,
EggLoser,,1.0,
EirikGu66,,1.0,
Ekko_li,,2.0,
ElHelvetico,,2.0,
Elbek_Jumanov,,1.0,
ElenGajger,,4.0,
Eliwood44,,1.0,
Emeraldddd,,1.0,
EmirhanTarlabasi,,1.0,
EmmaChess,,1.0,
EnisMetin34,,2.0,
Enriquack,,3.0,
Er_is_geen_hoop_meer,,1.0,
Erdnya15,,5.0,
ErikBlomqvist,,1.0,
ErikRonka,,14.0,
Ermito2020,,6.0,
ErnestoGuevaraLynch,,1.0,
Escanor89,,1.0,
EsmeraldasAnderson03,,6.0,
EvilMorty23,,4.0,
ExchangeAB,,9.0,
ExtremeLearner,,4.0,
FLYD,,3.0,
Fandorin779,,7.0,
FelixBlohberger,,11.0,
FerAsensio2024,,5.0,
FernandoArauzAlonso,,2.0,
Filipascu,,4.0,
Fivetrick,,1.0,
Flaccidmoves,,3.0,
Flameboard08,,7.0,
Fleetw00dMac,,2.0,
FloMasterAAK,,4.0,
Fomkin_Dmitry,,2.0,
FoxOnTheRun97,,8.0,
FrancescoLS,,8.0,
Frankie_Badacsonyi,,5.0,
Fravatel,,1.0,
FredddieCroderg,,1.0,
FrenchMonster2002,,1.0,
FrigidusSinapis,,5.0,
FunnyDuck66,,5.0,
GGuseinov,,6.0,
GMBenjaminFinegold,,4.0,
GMHess,,3.0,
GM_Batchuluun,,1.0,
GM_Huschenbeth,,3.0,
GM_shahin,,10.0,
GMaka,,2.0,
GMsKoRPioN,,1.0,
GaalZsoka,,1.0,
Galileo22,,5.0,
GatoRojo150,,4.0,
Gergo85,,3.0,
GilbertoHernandezAmura,,2.0,
GiorgianBarbosa,,16.0,
Giorno,,12.0,
GlennTipton,,1.0,
Gnechko_Ruslan,,2.0,
GnowReopard,,9.0,
Goffredo_Fofi,,8.0,
Goi_Manne,,1.0,
Golubovsky,,4.0,
Good_Knight_Kiss,,10.0,
Goran_Galiot,,1.0,
Grande_Strategia,,2.0,
GrotBchess,,4.0,
Gryffindorac8,,1.0,
GulamaliRises,,6.0,
GulenayAydin,,2.0,
Gunner214,,37.0,
Gurvich_Vitaly,,3.0,
HATilay,,5.0,
HSH1987,,5.0,
HZMC92,,1.0,
HackingKid98,,2.0,
Hananmo,,23.0,
Happy1712Drummer,,3.0,
HatvSp923,,2.0,
HenriL,,1.0,
HeroWilczek,,6.0,
HimalLama,,1.0,
Hongjin,,5.0,
Houdinovic,,3.0,
Hunninn,,2.0,
Huragan007,,4.0,
Hypercar,,2.0,
I-Mesquita,,4.0,
IMJonathanCarlstedt,,5.0,
Immortal-killer,,1.0,
Ind1anStar,,1.0,
IndianSchoolOfSuffering,,1.0,
Ionutdd123,,1.0,
IriBu,,1.0,
IsuruAlahakoon,,2.0,
Itay121,,19.0,
JERO-8914,,6.0,
JG-17,,12.0,
JJ_Masteringchess,,1.0,
JSlaby,,2.0,
JackRodgers,,10.0,
JacksterThePro,,2.0,
JafarTheParrot,,1.0,
Jagadeesh_Siddharth,,7.0,
JanistanTV,,7.0,
JavierRuizVazquez,,1.0,
Jeffinho023,,5.0,
Jesseinkman,,10.0,
JiangoFett,,1.0,
Jimonios,,2.0,
JoliyRoger,,12.0,
JonasGallasch,,1.0,
JosefineHeinemann,,2.0,
JoshuaGK27,,1.0,
Juicy_Fork,,8.0,
JulAnt,,1.0,
Julio_Becerra,,2.0,
JuniorJumper,,6.0,
Just_Lucky_1,,6.0,
KRSilva,,1.0,
KacperPolOK,,3.0,
KafkaesqueKnight,,1.0,
KamilGrycel,,4.0,
Kamilek84,,4.0,
KarstenSchulz,,1.0,
KaterynaLagno,,5.0,
Kazmin_Semyon,,3.0,
Keaton87,,3.0,
KeithArkell,,1.0,
Keks2017,,2.0,
Kezin_Roman,,11.0,
Khromkin,,1.0,
Kielinkei,,3.0,
Kimster98,,1.0,
KingCrusher275,,2.0,
KingGelimer,,3.0,
Kirill_2008GM,,2.0,
Kislov_Oleg,,1.0,
Kleyton_Lima,,9.0,
KnobbedHornbill,,4.0,
KononenkoD,,11.0,
Kopylov_Alex,,2.0,
Kostukov_Alex,,2.0,
Kostya_Nikologorskiy,,3.0,
Kotlyar_K,,2.0,
Kowarenai,,2.0,
Kratos031,,2.0,
Kretinovich,,8.0,
KubaGepard,,4.0,
Kubas1010,,4.0,
Kumi29,,2.0,
Kurai,,1.0,
LaStreetCmaMaison,,2.0,
LangesNasenhaar,,4.0,
Langua_Chess,,4.0,
LastHeroJr,,3.0,
Laurin_2009,,3.0,
Lector118,,1.0,
LeoLV10,,6.0,
Leonid_Starozhilov,,18.0,
Likvidator228,,12.0,
LimeInTheCoconut,,4.0,
Lion_DL,,5.0,
LionelMessiFCB,,1.0,
LoaySameer,,6.0,
Logman74,,7.0,
LoruF,,3.0,
Love7Unicorn,,6.0,
Lovetov,,4.0,
LuckyTiger,,3.0,
Lunaticx,,1.0,
MBA_CHESS_2021,,1.0,
MNyuyu,,1.0,
MVM2008,,5.0,
MacDaddyMac,,2.0,
Mach1el,,2.0,
Machidon,,3.0,
Machteldvf,,2.0,
MaestroCheck,,17.0,
Magila31,,2.0,
MalyDominator,,3.0,
Malysch,,1.0,
ManMish2,,11.0,
Marcin,,9.0,
MariusBieliauskas,,1.0,
Markov_Mikhail,,5.0,
MasterKroket,,4.0,
Matheusmdr2005,,4.0,
Matols,,1.0,
MaxLeto,,4.0,
Mazarini41,,2.0,
Mazetovic,,2.0,
MdChess1734,,1.0,
MergenKakabaev,,4.0,
Michalczak,,9.0,
MidnightFox,,4.0,
Mihnea2017,,1.0,
Mikayel99,,10.0,
Mikozovna,,2.0,
Milchone1,,1.0,
Mindhunter08,,6.0,
Mistango,,3.0,
Mndapoetzz04,,2.0,
MokshAD1603,,4.0,
Moncler08,,1.0,
Mourinho_Jose,,2.0,
Mouse-Sleep,,2.0,
MrKooshaChess_Twitch,,4.0,
Mr_Lion22,,2.0,
Mr_ruthless,,6.0,
Mugiwara2b,,1.0,
MusicCityMaster,,5.0,
Mystery2007,,2.0,
NEPHILIM-SLAYER,,2.0,
Naoki,,3.0,
Nathan_Filgueiras,,5.0,
Nbk90,,1.0,
Ncatt,,1.0,
NeonNinja73,,1.0,
NeverW84M8,,1.0,
Nicki2013,,1.0,
NicolaiMaxime,,5.0,
Nicolas_DeLaColina,,3.0,
NigelDwarf,,3.0,
NiklasSchmider,,2.0,
NoVabbeSeiUnGenio,,1.0,
NodariousBIG,,2.0,
Nouali_Mohamed,,5.0,
Nozdrachev_Leonid,,1.0,
ODreamchess,,3.0,
Olga_Girya,,5.0,
OneTrickPony_82,,4.0,
Oneofmyturns,,3.0,
Ordekalog,,10.0,
Orphanator2009,,1.0,
OtherGabe,,2.0,
PDybala10,,2.0,
PIwan,,1.0,
PabloZarnicki,,7.0,
Pachonpower,,3.0,
Padelator,,1.0,
PainTrain08,,1.0,
Pakarma,,1.0,
Papa12341234,,1.0,
PapaieDudu,,3.0,
PavelChernomordik,,4.0,
Pawngobblerx2000,,2.0,
Pax-Pramana,,1.0,
Payyappat,,14.0,
PelinGorki,,3.0,
Pelopidass,,6.0,
Petukhov_Dmitry,,6.0,
PhileKhoob,,2.0,
Phuzer,,4.0,
Piotrek1979,,3.0,
Pitzalpepe,,1.0,
Pliukha_Mikhail,,1.0,
PotapovaM,,3.0,
Preobrazhenska_D2011,,1.0,
ProChessWICTH,,5.0,
Problematique_99,,2.0,
Queensandpawns,,2.0,
RETURNOFTHELAGGER,,12.0,
RafaelVaganian,,5.0,
RahmanAdel,,4.0,
Rawnsdale,,3.0,
Rdeux42,,8.0,
Real_taiatai,,7.0,
RebelJohnny,,3.0,
RedFirePanda,,1.0,
ReinisUz,,1.0,
RichardShtivelband,,1.0,
Rile-Man,,1.0,
Road2GM3000,,7.0,
RobertDowneyJr0111,,4.0,
RobertJFischer71,,4.0,
Roberz12,,3.0,
RodokininEV,,6.0,
RojonR,,9.0,
Romadk,,5.0,
Romkachess,,18.0,
RonArtest77,,3.0,
Root_21,,8.0,
RoseyChess,,1.0,
Ruchess27,,2.0,
Ruprecht_der_Knecht,,1.0,
Rutvij09,,2.0,
Ryan_Sowa,,1.0,
Rytenko_V,,2.0,
S-Fazulyanov,,2.0,
SVijayalakshmi,,1.0,
SahaNeelash,,2.0,
SaiAgni_98,,5.0,
SaiHanThiha,,1.0,
SalihEke,,1.0,
SaraciNderim,,3.0,
SchachmattTV_Tobi,,2.0,
Schattman,,12.0,
Schwarzschidl,,3.0,
ScofieldMichael01,,1.0,
Semen16,,3.0,
Seppppppy,,1.0,
Shahdad2007,,5.0,
SharathRk6,,5.0,
Sharkaholic,,7.0,
Shiirav,,2.0,
Shota_Azaladze,,2.0,
Shushik,,5.0,
Sic_Transit_GM,,7.0,
Siemba,,11.0,
Sinquefield,,7.0,
SipkeErnst,,3.0,
SirGerhard,,7.0,
Sjakkerntobi,,8.0,
Skagoogle,,2.0,
Slovak_fighter2000,,14.0,
Slovineanu,,8.0,
Smiechu,,2.0,
SmirnovAlexandrA,,13.0,
SmirnovTimofey2000,,1.0,
SobZahmati,,1.0,
Sondremelaa,,5.0,
Speshka,,10.0,
StasSB,,2.0,
Staudenhocker43,,6.0,
StellarChess,,6.0,
StiffMaster1,,3.0,
Storne89,,1.0,
Stouuf,,1.0,
SujanaLohani,,1.0,
SultaiC,,2.0,
Super_Sharky1,,2.0,
Superfelix,,1.0,
Sweafty,,5.0,
Switzerlamb,,3.0,
Szczor,,2.0,
TEREZANA,,4.0,
Tactican_228,,2.0,
Tagir45,,2.0,
Takate20,,2.0,
Taktikmonster,,7.0,
Tash_Boy,,5.0,
Teidi96,,1.0,
Tejas_Rama,,4.0,
TheCastleHunter,,1.0,
TheCount,,1.0,
TheDuck,,4.0,
TheFireChess,,1.0,
TheGandhiOfChess,,2.0,
TheKingDoctor,,13.0,
TheOneTrapMan,,2.0,
TheRigos,,1.0,
The_Straightforward_Rook,,8.0,
TheoSlade,,11.0,
ThinkingSquares,,1.0,
Thunderbolt135,,7.0,
Thursday_the_14_th,,1.0,
Tibmat,,6.0,
Tiqr777,,4.0,
TitanChess666,,3.0,
TitarovVasiliYouTube,,6.0,
Tocras,,2.0,
Tolyanius,,6.0,
Tonychess32,,10.0,
Train_Your_Dragon,,4.0,
TregubovP,,13.0,
TrenerChos,,4.0,
Triumphmate,,14.0,
Tugrik1969,,3.0,
Turboplombir,,6.0,
Umumba_FM,,2.0,
Undisputed92,,1.0,
Unkreativ3,,7.0,
Ural_bogatyr,,8.0,
User234564,,4.0,
VALPARAISO37,,1.0,
VD_coach,,3.0,
VSanduleac,,1.0,
VacheH009,,9.0,
VaglioSagan,,4.0,
VanRommel28,,1.0,
Vazabanga,,1.0,
Veleamater,,1.0,
Vesper2018,,10.0,
Viacheslav92,,3.0,
ViciousTitas,,3.0,
Viktoker,,11.0,
VinzentSpitzl,,8.0,
Virgo15,,8.0,
VitorBronson,,4.0,
Vse_po_kaify,,1.0,
WDCH,,2.0,
WanderingPuppet,,11.0,
Weimarraner,,2.0,
WelshTiger,,1.0,
WiktorGolis,,1.0,
Willhaven3,,7.0,
Willychess95,,6.0,
WilsonPalencia21,,13.0,
WindWhistler11,,25.0,
Winner_7777,,3.0,
WoolworthsManly,,2.0,
Xiximinski,,1.0,
YEIKO2017,,3.0,
YairParkhov,,8.0,
YandaRus,,1.0,
Yashasdevappa,,1.0,
YasinEmrah,,1.0,
Yerkinio,,1.0,
YoreDea,,7.0,
YurasovMat-2012,,7.0,
Yurasova_Daria,,4.0,
Yuwono,,3.0,
Zadar321,,3.0,
Zeitnot30,,3.0,
Zenekritikus04,,4.0,
Zmiyevik2200,,8.0,
Zura_19,,7.0,
aNaartjieZA,,1.0,
a_kandil,,2.0,
aaaao,,1.0,
adricalderon8,,3.0,
ahappypawn,,1.0,
ahmedkandiliii,,5.0,
aistrel,,5.0,
ajedrezsinlimites,,2.0,
ajkom197,,5.0,
akretchetov,,1.0,
aksuliini1,,1.0,
alexg2003,,1.0,
alfredoaguilera3000,,1.0,
almaguerjm,,5.0,
amanjazu,,2.0,
amylazy,,1.0,
andrew-blr,,5.0,
andriipalchuk,,1.0,
andrzej,,6.0,
anemih,,3.0,
annasargsyan_m,,11.0,
arctic_t00,,12.0,
arenal72,,21.0,
aridannie,,1.0,
atalz0,,3.0,
averageFM,,3.0,
avinashramesh4,,3.0,
axvesik,,2.0,
azzbrn,,1.0,
balack95,,3.0,
bangchess21,,10.0,
bescmelasti,,18.0,
bettercallcafu,,5.0,
bilelou,,8.0,
bipe137,,18.0,
boo786,,1.0,
burbur555,,4.0,
carlsen1001,,2.0,
ccccvhhhj,,3.0,
chenrip,,2.0,
chess_blitz00,,9.0,
chessbaerchen,,8.0,
chessdoll90,,1.0,
chessdragon7161,,6.0,
chesselephant,,3.0,
chesstrainer2042,,1.0,
chipmunknau,,9.0,
chocolate_cookie02,,5.0,
chrisclaireredfield,,6.0,
crazy_m_attack,,1.0,
cryptoguru02,,6.0,
cyrdap,,1.0,
czasnaszachy,,3.0,
danir29,,3.0,
danshev16,,1.0,
dark_chess_SMG,,1.0,
davidkalashian,,2.0,
denextworldchamp,,5.0,
dennisodessa,,12.0,
dianosky,,3.0,
dimailuka,,1.0,
dimitrisl,,1.0,
djogrodek1,,1.0,
dlp300,,1.0,
dmosesov,,2.0,
doctorcristian,,1.0,
dodoucb,,5.0,
dolynachess,,7.0,
dosto07,,27.0,
druskacik,,2.0,
duone,,1.0,
dvglko,,1.0,
e4evr,,1.0,
eCztery,,4.0,
econpower,,4.0,
ejam94,,8.0,
ekurtz,,2.0,
el008,,3.0,
electrosaw,,2.0,
elegant285,,1.0,
elisak43,,1.0,
elmusmolamas,,6.0,
emperor87,,1.0,
ericovski,,3.0,
esrosenberg,,1.0,
esskeettit,,8.0,
falzehope0,,1.0,
fandebobbyfischer,,2.0,
fen_fire,,2.0,
feuervogel1000000,,5.0,
financieru,,1.0,
flawian2008,,2.0,
fviana,,2.0,
fyall777,,1.0,
gau_npukyputb,,3.0,
giantslayer83,,3.0,
gmjoey1,,1.0,
gmpeter008,,5.0,
goldihouse,,2.0,
goodluck06,,8.0,
gospodarsaha07,,3.0,
grunbergmihai,,2.0,
guilty93,,2.0,
halfnatty,,2.0,
hamelekh,,2.0,
harshu27,,4.0,
hellokostya,,10.0,
hitaman,,4.0,
hurricane7791,,9.0,
icy,,3.0,
igorvershinin2009,,5.0,
ilushka,,3.0,
imdvb6307,,7.0,
ineverlikedyou,,5.0,
ivanquiroga,,1.0,
j_coca,,1.0,
jasardo,,1.0,
jasrom,,2.0,
jerry_77,,6.0,
jimis98,,4.0,
jinxy2009,,2.0,
jkidjr22,,1.0,
jlf287,,8.0,
jlucasvf,,2.0,
jmpion,,2.0,
jocmil,,3.0,
joksijoksi,,17.0,
josiur,,1.0,
jsdbv18,,4.0,
jstopa4,,4.0,
julinha97,,1.0,
kacprekt,,6.0,
kamilianin235,,1.0,
kanzaww,,1.0,
kassablanca,,3.0,
kecalk,,3.0,
kh_bayasgalan,,1.0,
killer_dreams,,4.0,
kinga2008,,5.0,
kleber2007,,2.0,
kleopl,,6.0,
konradrutkowski,,1.0,
korbul,,8.0,
korkmaz16,,5.0,
kosmeg,,3.0,
kuanysh1981,,2.0,
kuchma777,,3.0,
kushbhagat2009,,6.0,
kuzol,,2.0,
lagarto93,,3.0,
lcmil,,1.0,
lgsalazar94,,2.0,
littlepinkyboy,,4.0,
littleplotkin,,4.0,
ljm509,,2.0,
ljuks68,,5.0,
lolo9292,,3.0,
losersgame,,2.0,
louis198,,5.0,
lucasran,,6.0,
luizzy,,4.0,
luksona14,,3.0,
machinegun1,,1.0,
machupichu10,,1.0,
madstalk3rs,,1.0,
maestroza,,1.0,
maksimys18,,13.0,
malakismayil,,14.0,
mamey78,,3.0,
mangochessgo,,3.0,
manmanlai1,,9.0,
marik_spb,,2.0,
marszach123,,1.0,
martinbitel,,2.0,
masenik,,5.0,
maxip32,,4.0,
miaou33,,4.0,
michaelskie11,,2.0,
midedu,,1.0,
miguelho67,,1.0,
mirceaparligras,,2.0,
mjray79,,4.0,
momotaro77,,2.0,
morfius,,1.0,
mortngabriel,,11.0,
muthaiahchess,,1.0,
mwpchess,,7.0,
myburger,,3.0,
nOcHeaTiNgKiD,,1.0,
ncofre98,,3.0,
nfds,,4.0,
nickVet,,1.0,
nickmatta,,7.0,
nicolochessit,,1.0,
ninguno46,,8.0,
nj123456,,2.0,
noblerone,,23.0,
oggy1984,,1.0,
omer1997,,1.0,
orkinyo12345,,1.0,
osh1ro,,3.0,
otrov-11,,3.0,
parmupill123,,1.0,
patzer-reloaded,,8.0,
peixe64,,2.0,
phantom19801127,,1.0,
ploxoi,,2.0,
purepower12,,2.0,
qeeqer,,3.0,
ragnaroek66,,2.0,
rdarruda,,28.0,
renehp,,1.0,
ri4mi,,3.0,
rionelG,,1.0,
rnanjo,,1.0,
robertoalejandro10,,10.0,
rollercoaster29,,2.0,
rubix_time,,2.0,
rudyst06,,3.0,
rynos0411,,4.0,
samidescalona2002,,2.0,
sathvikadiga,,5.0,
sebastianmarinp,,1.0,
secretsuperstar7,,1.0,
sergeikim,,17.0,
serhanberat_ozdemir,,6.0,
sharkarton,,3.0,
siansell,,1.0,
simplerXiao,,5.0,
sina101,,5.0,
sjoerd893,,5.0,
skoularikii,,6.0,
skzt,,1.0,
sleeping_in_the_fire,,1.0,
slorovel,,19.0,
smallbaba,,2.0,
sonicdravise,,8.0,
stasOR4ik,,6.0,
steepedgames,,2.0,
superchthonic,,2.0,
surrenderPLS,,5.0,
suspiciumchess,,1.0,
swayamsm,,3.0,
szachmistrz2500,,14.0,
szachuspl,,10.0,
tactic,,4.0,
tandaleo,,4.0,
tantaan,,2.0,
the-gambler,,2.0,
theblitzchamp,,4.0,
themind1hunter,,2.0,
theoneandonlydaaevik,,2.0,
thesupera12,,3.0,
toninhojit,,16.0,
topin8,,7.0,
tteshan,,9.0,
underdogchss,,2.0,
vaishali2001,,5.0,
valik3504,,2.0,
vangulio,,1.0,
venturov,,7.0,
verdest,,3.0,
victormago,,2.0,
vidavi,,8.0,
vinclat,,2.0,
volodja49,,2.0,
vpantev,,7.0,
want2lose,,2.0,
wgraif,,4.0,
whiteglovethief,,18.0,
willyam13,,1.0,
winniethepooh04,,3.0,
woodpusher52,,4.0,
x-2789446229,,7.0,
xberli,,3.0,
xhembulla,,7.0,
yaguigor,,19.0,
ybothg,,14.0,
yesilikeorangejuice,,3.0,
zozik,,1.0,
zsizsi99,,2.0,
03revilo,,1.0,
1g41-0,,1.0,
2008king,,1.0,
2KRK1,,3.0,
2Killer2,,1.0,
AA95,,2.0,
Aevengho,,1.0,
Alamzhi21,,1.0,
AlexTriapishko,,1.0,
AlexanderMatlak,,5.0,
Alexei_Kornev,,2.0,
AliElier,,1.0,
Alimpic,,1.0,
AlivodicDario,,1.0,
AlphaGoosee,,1.0,
AmartuvshinGanzorig,,1.0,
Aminazinas,,1.0,
AnujShrivatri21,,5.0,
ArnaudovP,,1.0,
Art10ECHR,,3.0,
Artem_Koval,,1.0,
Arun-kataria,,1.0,
AsaHoffmann,,2.0,
AshotParvanyan,,1.0,
AtomicAcorn,,1.0,
Auger_Pi,,1.0,
BM223344,,1.0,
Bacallao2019,,1.0,
BeReal24,,1.0,
Bgabor91,,1.0,
BillieJoeArmstrong1,,2.0,
Blitz,,1.0,
BlunderingPanda01,,1.0,
Blunderstormm,,1.0,
Breamish1,,1.0,
Brown_Bear_MGL,,1.0,
CFN_Good_Evening,,1.0,
CFalcons8,,1.0,
CalinGheorghiu,,3.0,
Caracternin123,,1.0,
CatLivesMatter,,1.0,
Cecile-Haussernot,,1.0,
Charodej1,,1.0,
CheckBits,,1.0,
ChelsieMonica,,1.0,
ChessCenterOfficial,,1.0,
ChessKhan11,,1.0,
ChessLebaneseSalah,,1.0,
Chessgodisback2008,,1.0,
Chessmasterzt,,1.0,
Cxrjs,,3.0,
CyberSurfer12,,1.0,
DNextEpisode,,1.0,
Dave_ChessMate,,2.0,
Dialektiko,,1.0,
DirtyKabab,,1.0,
Dmitry_Ponomarev,,1.0,
Doctor_Luber,,1.0,
DrVitman,,1.0,
EddieUrquhart,,2.0,
EgorYakovlev,,2.0,
ElVital,,1.0,
El_Matador12,,1.0,
Elfangm2,,1.0,
Eloist,,3.0,
Evhen_Taranenko,,2.0,
ExceptionallyDubious,,2.0,
FM_VS99,,1.0,
FREZZY23,,1.0,
Fdpo95,,1.0,
Federtiu,,1.0,
Fighter008,,1.0,
Filipets,,2.0,
Firegrizzly,,1.0,
FollowRivers,,1.0,
Fumitoks,,3.0,
Fusikk,,3.0,
GKARU,,2.0,
GMChessrob,,1.0,
GMForgacs,,1.0,
GUST_b,,1.0,
GarciaIsaac,,1.0,
GilbertElroy,,1.0,
GirthyHuell,,1.0,
GmSergioBarrientos,,5.0,
Gogolev_Artemy,,1.0,
Grebeniuk-S,,3.0,
Grieve72,,1.0,
HPanesso,,2.0,
Horus31,,1.0,
IM_Tissir,,1.0,
INLOVEWITHF,,2.0,
Illustradochess,,1.0,
Imagine_Drag0n,,1.0,
IvanSoriano1,,1.0,
Jadro9,,1.0,
Jahonas,,1.0,
Jakuboss22005,,1.0,
JerglerMeister,,1.0,
JordanLoyd2020,,2.0,
Joshuachick,,1.0,
JueIes,,1.0,
JustinWang1234,,2.0,
KacperKacprzak,,1.0,
KarateBaby,,1.0,
Kaustubh_Kodihalli,,1.0,
KebabJangles,,1.0,
Kimkibo,,1.0,
Kirill_Kopenkin,,1.0,
Klassimo18,,1.0,
Klendi,,2.0,
Kolle05,,2.0,
KorolDimitriy75,,2.0,
Korona_91,,2.0,
Kors67,,1.0,
Kotofeyca,,2.0,
KrokerGuy,,2.0,
KuybokarovTemur,,2.0,
KyronGriffith,,1.0,
LLariMarc,,1.0,
LiadCuba,,2.0,
LightningDragon8,,2.0,
Loiacono_Antonio,,1.0,
LouieKov2022,,2.0,
Lucas_Tomiello,,2.0,
LukaRadovic0803,,1.0,
MANOJ_MISHRA123,,1.0,
MFBerna,,1.0,
Maestro1986,,2.0,
Marasmus01,,1.0,
MartinHollan,,1.0,
MashaFromRussia,,1.0,
Matalon,,1.0,
MateoReyes,,2.0,
McCarthyStone,,2.0,
MclarenF1LM,,1.0,
Mihaiionescu1,,1.0,
MrKGG1,,1.0,
Nadtkins,,2.0,
Nafania1,,1.0,
NeverGiveUppp,,1.0,
Nicolas_Chess10,,2.0,
NikolasTheiss,,1.0,
Niktlt,,2.0,
NotTodaySir,,1.0,
OW321,,1.0,
Obito24,,1.0,
Ol3ks2,,1.0,
Orujov2008,,6.0,
Pavlov_Sergey,,1.0,
Pelusiansky,,1.0,
Petrovic_Aleksa,,1.0,
Pilopa,,2.0,
Piriflillo,,1.0,
PolishForce3000,,1.0,
Pomberito2,,1.0,
Pomegranate988,,1.0,
PowerThinking2650,,1.0,
Proteuo,,1.0,
RadioactiveWalrus65,,1.0,
Rakhimzhan_Alen,,1.0,
Ralf61,,1.0,
RamonManon0g,,1.0,
Rap_woyska,,1.0,
Redzishchess,,1.0,
RespectfulDaveOnYouTube,,1.0,
RestartingChess,,2.0,
Richardmaster,,1.0,
Ritual2003,,1.0,
Roland_Garros_2024,,1.0,
Ruslan_0807,,1.0,
RzayevB,,1.0,
SONOFHOLYGOD,,1.0,
Saitama_C,,1.0,
Samatsa,,1.0,
Schachkatze2000,,2.0,
Schwindle,,1.0,
Seinw1,,1.0,
Sekar24,,1.0,
Sergey_Kasparov,,2.0,
ShimogaTactician,,1.0,
SipahiPower,,1.0,
Sippp,,1.0,
Skorpy32,,1.0,
SmoothAsAHedgehog,,1.0,
Snegokhod,,1.0,
Snowball-03,,1.0,
Sofiia_Hryzlova,,1.0,
Soltan49,,1.0,
Speed-O-Sonic,,2.0,
Spriteball,,1.0,
Stalri,,1.0,
StankovicIvan,,1.0,
StrackedAktonamee,,1.0,
SuanTiltado,,1.0,
SzMM19,,2.0,
Talcrifice,,3.0,
Taylanruzgar,,2.0,
Tehni4arce,,1.0,
Tesla37,,2.0,
TheChessHasSpoken,,1.0,
TheDevilAdvisoR,,1.0,
Thecourseoisildur,,2.0,
TimurGareyev,,2.0,
TintinUndercover,,1.0,
TrompeterImEther,,2.0,
Tryharder0,,1.0,
Tsschessulover,,1.0,
Valio_M1948,,1.0,
Vanych,,2.0,
Vasily_IM,,1.0,
Victor_0liveira,,1.0,
WeAintSurePal,,1.0,
Whiteking2009,,2.0,
WiktoriaPOL,,1.0,
Wilver92,,1.0,
YatoroRen,,1.0,
Zablotsky,,3.0,
Zhani-Z,,2.0,
ace_mar,,1.0,
ajeale2,,1.0,
aloe_normansen,,4.0,
alpope,,1.0,
amione,,1.0,
andrewisasian31,,1.0,
anon102030,,1.0,
antoszu,,1.0,
aot317,,1.0,
awesomevishesh,,3.0,
ayanakhmetov,,1.0,
b_6,,1.0,
banhgiahuy2606,,2.0,
belligham2023,,3.0,
bere_acqua,,3.0,
best926,,2.0,
bitter-cikolata,,1.0,
bob1263,,1.0,
bogcsab,,1.0,
borocotoajua,,2.0,
bringanita,,1.0,
broskolis,,2.0,
bulletteemo,,3.0,
calmberserk,,2.0,
cande_francisco,,1.0,
chess_peak,,1.0,
chigorin28,,1.0,
ciutadella,,1.0,
corvachesky,,1.0,
cukus,,1.0,
dealshark,,1.0,
deathadder96,,2.0,
dereito,,1.0,
domithebest,,3.0,
dopolian,,1.0,
doublesik,,1.0,
dziththaulydcc,,2.0,
egnfanclub,,1.0,
fabianvivasz,,1.0,
fancyknightmaneuvers,,1.0,
ferch1ni,,2.0,
fitod,,1.0,
flubs,,1.0,
fly_21,,3.0,
gakashchess,,1.0,
gastonnmartin,,1.0,
gau248,,1.0,
gm_rashid,,1.0,
hypert,,1.0,
iAspet,,1.0,
ikhasu,,2.0,
indfraeng,,2.0,
isaks,,1.0,
isla88,,3.0,
ismayilseferov,,1.0,
iulik86,,1.0,
ivandrade10,,1.0,
jactorres,,2.0,
juanchesst,,1.0,
jucAxx,,1.0,
kaidanov,,2.0,
kenta1234,,2.0,
khoipham,,1.0,
koteRV1610,,1.0,
krasavetc,,1.0,
kuba2006,,3.0,
laiditmang05_ducminh,,1.0,
larsmandreassen,,1.0,
leandrojimenez,,1.0,
lemures27,,1.0,
lionheart95,,1.0,
lordplayer64,,1.0,
manubibi,,1.0,
masruri_rahman,,2.0,
matenitian,,1.0,
mattcolins2025,,1.0,
mikhailooooo,,1.0,
mirciulica14,,1.0,
moisesanto,,2.0,
monalize,,1.0,
mrntzchess,,1.0,
navnp04,,1.0,
oganromchess,,2.0,
oneshot007,,1.0,
onetricksupremo,,1.0,
pavel_skatchkov,,4.0,
petr577,,2.0,
picturesquecheck,,1.0,
prochn,,1.0,
rfelgaer,,1.0,
rickywsb,,1.0,
selvas123,,1.0,
shyam,,2.0,
smotherhubbard,,1.0,
starplatinum2030,,2.0,
superjem123,,1.0,
the_blue_pill,,1.0,
toavinaraza,,1.0,
topalovkramnik,,1.0,
tyczka123,,1.0,
unagi64,,1.0,
valemava,,1.0,
valorant64,,1.0,
vanea_03,,2.0,
vladjianu,,2.0,
vovasev,,1.0,
vplotkin,,1.0,
wanyaland,,2.0,
whiteshirt_boi,,1.0,
x-3738459472,,1.0,
x-7526947335,,1.0,
ykam78,,1.0,
zaguer,,1.0,
