leagueid,match_id,radiant_team_id,radiant.name,radiant.tag,radiant_score,dire_team_id,dire.name,dire.tag,dire_score,radiant_win,start_date_time
16635,7967560450,8987220.0,HolyTeam,HT,35,8849817.0,ZEUS THUNDER GOD,ZTG,34,True,2024-10-01 00:29:07
16635,7967584083,8849817.0,ZEUS THUNDER GOD,ZTG,36,8987220.0,HolyTeam,HT,34,True,2024-10-01 01:15:37
16312,7967684395,8893837.0,Parallel eSports,PeS,24,9018543.0,Hustlers,HS,31,False,2024-10-01 04:01:15
17233,7967703063,8629318.0,Mad Monkeys,Mm,28,9425656.0,LSG,LSG,41,False,2024-10-01 04:33:26
16312,7967713514,9018543.0,Hustlers,HS,22,8893837.0,Parallel eSports,PeS,36,False,2024-10-01 04:49:37
17233,7967727451,9425656.0,LSG,LSG,38,8629318.0,Mad Monkeys,Mm,35,True,2024-10-01 05:13:04
16312,7967737731,8893837.0,Parallel eSports,PeS,42,9018543.0,Hustlers,HS,28,True,2024-10-01 05:27:30
17233,7967753193,8629315.0,Wiser Warriors,WW,37,8629324.0,Swift Knights,Sk,42,False,2024-10-01 05:50:34
16312,7967774669,9332046.0,Dominatrix,DMX,44,9330489.0,ThunderLab,TL,36,True,2024-10-01 06:20:55
17233,7967781486,8629324.0,Swift Knights,Sk,23,8629315.0,Wiser Warriors,WW,41,False,2024-10-01 06:30:27
15901,7967790950,9530233.0,Dominion,Dominion,29,8965054.0,EYE-Gaming,EYE,39,True,2024-10-01 06:45:51
17233,7967807022,8629315.0,Wiser Warriors,WW,24,8629324.0,Swift Knights,Sk,27,False,2024-10-01 07:05:04
16312,7967813006,9330489.0,ThunderLab,TL,35,9332046.0,Dominatrix,DMX,29,True,2024-10-01 07:12:17
17233,7967842944,8629317.0,Bright Crusaders,Bc,56,8629014.0,Dragon Blood,DB,23,True,2024-10-01 07:50:15
16312,7967849929,9332046.0,Dominatrix,DMX,36,9330489.0,ThunderLab,TL,35,True,2024-10-01 07:57:41
15901,7967862409,8965054.0,EYE-Gaming,EYE,22,9530233.0,Dominion,Dominion,45,False,2024-10-01 08:12:13
16312,7967894007,8893840.0,Big Bang Gaming,BB,30,8864178.0,Marvelous Warriors,MW,43,False,2024-10-01 08:48:46
15898,7967899794,9403748.0,Dragon Esports Club,DEC,29,9278328.0,V1dar Gaming,V1dar,17,True,2024-10-01 09:03:21
17233,7967901309,8629014.0,Dragon Blood,DB,20,8629317.0,Bright Crusaders,Bc,29,False,2024-10-01 08:57:52
16312,7967930126,8864178.0,Marvelous Warriors,MW,54,8893840.0,Big Bang Gaming,BB,50,True,2024-10-01 09:30:04
16059,7967942413,8629005.0,Flawless Goblins,Fg,34,9425660.0,Shadow Avengers,SAS,29,True,2024-10-01 09:46:33
15898,7967964241,9278328.0,V1dar Gaming,V1dar,15,9403748.0,Dragon Esports Club,DEC,28,False,2024-10-01 10:08:20
16312,7967981358,9332084.0,Lighting Legends,LL,9,9018528.0,Crew X,CrX,37,False,2024-10-01 10:26:55
16059,7967985073,9425660.0,Shadow Avengers,SAS,29,8629005.0,Flawless Goblins,Fg,26,True,2024-10-01 10:31:35
15901,7967991374,9545682.0,Dominion,Dominion,47,9530867.0,Prodigy of God,,36,True,2024-10-01 10:37:35
16312,7968012574,9018528.0,Crew X,CrX,24,9332084.0,Lighting Legends,LL,42,False,2024-10-01 10:59:13
16059,7968024099,8629005.0,Flawless Goblins,Fg,37,9425660.0,Shadow Avengers,SAS,32,True,2024-10-01 11:11:15
15901,7968055716,9530867.0,Prodigy of God,,45,9545682.0,Dominion,Dominion,24,True,2024-10-01 11:39:47
16312,7968068749,9332084.0,Lighting Legends,LL,14,9018528.0,Crew X,CrX,34,False,2024-10-01 11:50:59
16059,7968081669,9426115.0,Dark Rebellion,DR,18,9425660.0,Shadow Avengers,SAS,29,False,2024-10-01 12:05:31
15898,7968087576,9554758.0,,,38,9256405.0,Level UP esports,LevelUP,41,False,2024-10-01 12:07:50
15901,7968118223,9545682.0,Dominion,Dominion,59,9511702.0,Prodigy of God,,58,False,2024-10-01 12:31:52
16059,7968138287,9425660.0,Shadow Avengers,SAS,32,9426115.0,Dark Rebellion,DR,22,True,2024-10-01 12:46:02
16059,7968197610,8629317.0,Bright Crusaders,Bc,25,8629315.0,Wiser Warriors,WW,42,False,2024-10-01 13:26:51
15898,7968203708,9554758.0,,,29,9256405.0,Level UP esports,LevelUP,38,False,2024-10-01 13:30:26
16059,7968254268,8629315.0,Wiser Warriors,WW,29,8629317.0,Bright Crusaders,Bc,48,False,2024-10-01 14:02:51
15901,7968302299,9492941.0,Shinigami Gaming,,47,9444453.0,Elite Eclipse,EE,10,True,2024-10-01 14:33:41
16059,7968330625,8629317.0,Bright Crusaders,Bc,22,8629315.0,Wiser Warriors,WW,45,False,2024-10-01 14:51:01
15898,7968341538,9216247.0,ASAKURA,ASAKURA,40,9511706.0,TopTab,TopTab,30,True,2024-10-01 15:00:20
15901,7968387384,9444453.0,Elite Eclipse,EE,15,9492941.0,Shinigami Gaming,,28,False,2024-10-01 15:24:28
16059,7968396940,8629324.0,Swift Knights,Sk,17,9425656.0,LSG,LSG,26,False,2024-10-01 15:31:04
16059,7968453342,9425656.0,LSG,LSG,25,8629324.0,Swift Knights,Sk,36,False,2024-10-01 16:05:54
15898,7968497618,9511706.0,TopTab,TopTab,12,9216247.0,ASAKURA,ASAKURA,29,False,2024-10-01 16:33:14
16059,7968519822,8629324.0,Swift Knights,Sk,19,9425656.0,LSG,LSG,36,False,2024-10-01 16:48:03
15901,7968558886,9440022.0,Elite Eclipse,EE,45,9511702.0,Prodigy of God,,55,False,2024-10-01 17:13:12
15901,7968636857,9223797.0,Prodigy of God,,43,9545569.0,Elite Eclipse,EE,32,True,2024-10-01 18:07:42
16635,7968713037,8849837.0,FALL VICTIMS,FV,25,8849990.0,REAL ECLIPSE,RE,20,True,2024-10-01 19:01:32
15901,7968720290,9530233.0,Dominion,Dominion,52,9492941.0,Shinigami Gaming,,30,True,2024-10-01 19:09:13
16635,7968764002,8849990.0,REAL ECLIPSE,RE,29,8849837.0,FALL VICTIMS,FV,17,True,2024-10-01 19:41:08
15901,7968809430,9492941.0,Shinigami Gaming,,22,9530233.0,Dominion,Dominion,46,False,2024-10-01 20:20:26
16635,7968817990,8849837.0,FALL VICTIMS,FV,51,8849990.0,REAL ECLIPSE,RE,17,True,2024-10-01 20:29:35
16635,7968861815,8987220.0,HolyTeam,HT,27,8970060.0,Moonwalkers,MW,14,True,2024-10-01 21:19:02
16635,7968889618,8970060.0,Moonwalkers,MW,52,8987220.0,HolyTeam,HT,39,True,2024-10-01 21:59:10
16635,7968916703,8987220.0,HolyTeam,HT,26,8970060.0,Moonwalkers,MW,38,False,2024-10-01 22:46:21
16635,7968942290,8849833.0,VERTEX PACK,vP,22,8849817.0,ZEUS THUNDER GOD,ZTG,15,True,2024-10-01 23:36:57
16635,7968961331,8849817.0,ZEUS THUNDER GOD,ZTG,15,8849833.0,VERTEX PACK,vP,16,False,2024-10-02 00:20:26
16635,7968981965,8957156.0,Silent killer,sK,27,8850016.0,FLYING FORTUNE,Ff,36,False,2024-10-02 01:01:29
16635,7969011423,8850016.0,FLYING FORTUNE,Ff,24,8957156.0,Silent killer,sK,38,False,2024-10-02 01:55:42
16635,7969037193,8957156.0,Silent killer,sK,27,8850016.0,FLYING FORTUNE,Ff,30,False,2024-10-02 02:40:23
16059,7969060152,8629014.0,Dragon Blood,DB,22,8629324.0,Swift Knights,Sk,16,True,2024-10-02 03:17:01
16059,7969082955,8629324.0,Swift Knights,Sk,22,8629014.0,Dragon Blood,DB,23,False,2024-10-02 03:55:14
16059,7969090800,8629317.0,Bright Crusaders,Bc,26,8629318.0,Mad Monkeys,Mm,41,False,2024-10-02 04:09:29
16312,7969092043,9330493.0,RuleBreakers,RB,15,9330492.0,Iconic,ICo,31,False,2024-10-02 04:10:34
16059,7969112839,9425656.0,LSG,LSG,32,2443375.0,Foxy gaming,Foxy,50,False,2024-10-02 04:44:40
16059,7969120649,8629318.0,Mad Monkeys,Mm,33,8629317.0,Bright Crusaders,Bc,25,True,2024-10-02 04:59:40
16312,7969122410,9330492.0,Iconic,ICo,44,9330493.0,RuleBreakers,RB,29,True,2024-10-02 05:00:11
16059,7969146569,2443375.0,Foxy gaming,Foxy,20,9425656.0,LSG,LSG,16,True,2024-10-02 05:39:04
16059,7969150890,9426115.0,Dark Rebellion,DR,33,8629315.0,Wiser Warriors,WW,23,True,2024-10-02 05:46:55
16312,7969151666,8961813.0,SHAOLIN,SHN,37,9332059.0,Ninja Bros,N,37,True,2024-10-02 05:46:19
15901,7969163197,9395676.0,Shinigami gaming,Shin,28,9395797.0,Prodigy of God ,POG,6,True,2024-10-02 06:04:05
16059,7969173590,8629318.0,Mad Monkeys,Mm,33,9425660.0,Shadow Avengers,SAS,24,True,2024-10-02 06:19:37
16312,7969185685,9332059.0,Ninja Bros,N,41,8961813.0,SHAOLIN,SHN,35,True,2024-10-02 06:38:35
16059,7969190934,8629315.0,Wiser Warriors,WW,42,9426115.0,Dark Rebellion,DR,31,True,2024-10-02 06:46:09
15901,7969197987,9395797.0,Prodigy of God ,POG,55,9395676.0,Shinigami gaming,Shin,51,True,2024-10-02 06:55:26
16059,7969211059,9425660.0,Shadow Avengers,SAS,27,8629318.0,Mad Monkeys,Mm,41,False,2024-10-02 07:12:38
16312,7969219193,8961813.0,SHAOLIN,SHN,23,9332059.0,Ninja Bros,N,28,False,2024-10-02 07:23:02
16059,7969220892,9426115.0,Dark Rebellion,DR,29,8629315.0,Wiser Warriors,WW,15,True,2024-10-02 07:27:10
15901,7969253507,9395676.0,Shinigami gaming,Shin,34,9555316.0,Prodigy Of God,POG,13,True,2024-10-02 08:05:15
16312,7969257680,8936507.0,FenixTeam,FT,54,8893825.0,Lucky Bulldogs,LB,36,True,2024-10-02 08:10:16
16059,7969259792,8629014.0,Dragon Blood,DB,15,8629005.0,Flawless Goblins,Fg,37,False,2024-10-02 08:14:08
16059,7969298094,8629005.0,Flawless Goblins,Fg,25,8629014.0,Dragon Blood,DB,44,False,2024-10-02 08:58:46
15898,7969298712,9511706.0,TopTab,TopTab,14,9403748.0,Dragon Esports Club,DEC,39,False,2024-10-02 09:06:48
15901,7969302601,9467580.0,EYE GAMING,EYE,40,9505825.0,Elite Eclipse,,18,True,2024-10-02 09:03:16
16312,7969315917,8893825.0,Lucky Bulldogs,LB,43,8936507.0,FenixTeam,FT,29,True,2024-10-02 09:17:46
15901,7969338809,9505825.0,Elite Eclipse,,23,9467580.0,EYE GAMING,EYE,61,False,2024-10-02 09:43:24
16059,7969338862,8629014.0,Dragon Blood,DB,46,8629005.0,Flawless Goblins,Fg,27,True,2024-10-02 09:44:33
16312,7969347665,8936507.0,FenixTeam,FT,13,8893825.0,Lucky Bulldogs,LB,29,False,2024-10-02 09:53:33
15898,7969355490,9403748.0,Dragon Esports Club,DEC,24,9511706.0,TopTab,TopTab,4,True,2024-10-02 10:02:32
16059,7969390429,8629324.0,Swift Knights,Sk,25,2443375.0,Foxy gaming,Foxy,9,True,2024-10-02 10:40:27
16312,7969396889,9330485.0,BulletProofs,BP,27,9332069.0,Mister Maniacs,MM,18,True,2024-10-02 10:46:41
16059,7969422040,2443375.0,Foxy gaming,Foxy,25,8629324.0,Swift Knights,Sk,42,False,2024-10-02 11:13:00
15901,7969430229,9440022.0,Elite Eclipse,EE,36,9395797.0,Prodigy of God ,POG,21,True,2024-10-02 11:19:53
16312,7969440158,9332069.0,Mister Maniacs,MM,9,9330485.0,BulletProofs,BP,30,False,2024-10-02 11:28:32
15898,7969469422,9449748.0,DMS,DMS,30,8838314.0,Matreshka,MT,36,False,2024-10-02 11:59:35
16059,7969474311,8629318.0,Mad Monkeys,Mm,26,9426115.0,Dark Rebellion,DR,29,False,2024-10-02 12:00:00
15901,7969476255,9395797.0,Prodigy of God ,POG,31,9440022.0,Elite Eclipse,EE,47,False,2024-10-02 12:00:08
16059,7969530000,9426115.0,Dark Rebellion,DR,33,8629318.0,Mad Monkeys,Mm,25,True,2024-10-02 12:43:18
15901,7969552217,8831040.0,Ghost Sheep,GS,25,8799593.0,OTHERS ,others,39,False,2024-10-02 13:08:46
15898,7969580363,8838314.0,Matreshka,MT,39,9449748.0,DMS,DMS,27,True,2024-10-02 13:17:22
16059,7969587050,2443375.0,Foxy gaming,Foxy,31,8629317.0,Bright Crusaders,Bc,11,True,2024-10-02 13:23:31
16059,7969644488,8629317.0,Bright Crusaders,Bc,16,2443375.0,Foxy gaming,Foxy,25,False,2024-10-02 13:59:59
15901,7969659085,8799593.0,OTHERS ,others,17,8831040.0,Ghost Sheep,GS,37,False,2024-10-02 14:09:03
16059,7969699403,9425660.0,Shadow Avengers,SAS,26,8629014.0,Dragon Blood,DB,18,True,2024-10-02 14:35:24
15901,7969737585,8799593.0,OTHERS ,others,37,8831040.0,Ghost Sheep,GS,19,True,2024-10-02 15:02:51
15898,7969741876,9247798.0,Passion UA,PassionUA,39,9256405.0,Level UP esports,LevelUP,27,True,2024-10-02 15:05:21
16059,7969764073,8629014.0,Dragon Blood,DB,25,9425660.0,Shadow Avengers,SAS,19,True,2024-10-02 15:14:30
16059,7969817583,9425660.0,Shadow Avengers,SAS,25,8629014.0,Dragon Blood,DB,11,True,2024-10-02 15:48:03
15901,7969864813,8831040.0,Ghost Sheep,GS,35,9530716.0,Air Defence,AD,9,True,2024-10-02 16:17:33
15898,7969891508,9247798.0,Passion UA,PassionUA,36,9256405.0,Level UP esports,LevelUP,23,True,2024-10-02 16:33:42
15901,7969925646,9530716.0,Air Defence,AD,36,8831040.0,Ghost Sheep,GS,86,False,2024-10-02 16:55:32
15901,7970064386,9225431.0,TEIKO,,11,8993427.0,Air Defense,AD,35,False,2024-10-02 18:26:54
16635,7970119106,8849817.0,ZEUS THUNDER GOD,ZTG,22,8849837.0,FALL VICTIMS,FV,12,True,2024-10-02 19:07:21
15901,7970130689,8993427.0,Air Defense,AD,44,9225431.0,TEIKO,,52,False,2024-10-02 19:15:22
16635,7970167096,8849837.0,FALL VICTIMS,FV,15,8849817.0,ZEUS THUNDER GOD,ZTG,22,False,2024-10-02 19:44:44
16251,7970200069,9238400.0,BeshennayaTamara,Besh,36,9433856.0,xdxdxd,XD,24,True,2024-10-02 20:11:24
16635,7970267493,8957156.0,Silent killer,sK,17,8849833.0,VERTEX PACK,vP,25,False,2024-10-02 21:45:18
16635,7970294525,8970060.0,Moonwalkers,MW,30,8849990.0,REAL ECLIPSE,RE,28,True,2024-10-02 22:25:56
16635,7970322513,8849990.0,REAL ECLIPSE,RE,17,8970060.0,Moonwalkers,MW,28,False,2024-10-02 23:13:50
16635,7970341820,8987220.0,HolyTeam,HT,26,8850016.0,FLYING FORTUNE,Ff,47,False,2024-10-02 23:54:17
16635,7970364089,8850016.0,FLYING FORTUNE,Ff,21,8987220.0,HolyTeam,HT,27,False,2024-10-03 00:39:49
16635,7970382357,8987220.0,HolyTeam,HT,9,8850016.0,FLYING FORTUNE,Ff,31,False,2024-10-03 01:16:44
17233,7970458720,9426115.0,Dark Rebellion,DR,13,2443375.0,Foxy gaming,Foxy,26,False,2024-10-03 03:31:45
17233,7970478642,2443375.0,Foxy gaming,Foxy,31,9426115.0,Dark Rebellion,DR,22,True,2024-10-03 04:05:17
17233,7970488204,9425660.0,Shadow Avengers,SAS,25,8629317.0,Bright Crusaders,Bc,7,True,2024-10-03 04:23:18
16313,7970488549,9332059.0,Ninja Bros,N,36,8936507.0,FenixTeam,FT,34,False,2024-10-03 04:22:08
17233,7970504551,8629315.0,Wiser Warriors,WW,39,8629318.0,Mad Monkeys,Mm,21,True,2024-10-03 04:49:48
17233,7970511326,8629317.0,Bright Crusaders,Bc,38,9425660.0,Shadow Avengers,SAS,24,True,2024-10-03 05:01:46
16313,7970515257,8936507.0,FenixTeam,FT,17,9332059.0,Ninja Bros,N,27,False,2024-10-03 05:06:36
17233,7970530007,8629318.0,Mad Monkeys,Mm,31,8629315.0,Wiser Warriors,WW,39,False,2024-10-03 05:30:19
17233,7970541168,8629317.0,Bright Crusaders,Bc,18,9425660.0,Shadow Avengers,SAS,34,False,2024-10-03 05:49:22
16313,7970544254,9332059.0,Ninja Bros,N,28,8936507.0,FenixTeam,FT,5,True,2024-10-03 05:51:54
15901,7970557099,9367607.0, Prodigy of God,POG,40,9482420.0,EYE Gaming,EYE,45,False,2024-10-03 06:13:54
16313,7970569559,8893825.0,Lucky Bulldogs,LB,28,9330485.0,BulletProofs,BP,22,True,2024-10-03 06:28:39
17233,7970577274,9425656.0,LSG,LSG,30,8629014.0,Dragon Blood,DB,36,False,2024-10-03 06:40:31
17233,7970582926,9425660.0,Shadow Avengers,SAS,25,8629005.0,Flawless Goblins,Fg,12,True,2024-10-03 06:47:12
16313,7970600182,9330485.0,BulletProofs,BP,21,8893825.0,Lucky Bulldogs,LB,44,False,2024-10-03 07:09:58
15901,7970602712,9339581.0,EYE Gaming,EYE Gaming,10,9367607.0, Prodigy of God,POG,35,False,2024-10-03 07:13:14
17233,7970615221,8629014.0,Dragon Blood,DB,36,9425656.0,LSG,LSG,36,True,2024-10-03 07:29:41
17233,7970619470,8629005.0,Flawless Goblins,Fg,35,9425660.0,Shadow Avengers,SAS,19,True,2024-10-03 07:35:02
16313,7970635478,9332069.0,Mister Maniacs,MM,28,9332046.0,Dominatrix,DMX,37,False,2024-10-03 07:54:04
15901,7970653994,9367607.0, Prodigy of God,POG,32,9482420.0,EYE Gaming,EYE,47,False,2024-10-03 08:16:08
17233,7970654226,9425660.0,Shadow Avengers,SAS,26,8629005.0,Flawless Goblins,Fg,8,True,2024-10-03 08:16:46
17233,7970661532,8629324.0,Swift Knights,Sk,17,9426115.0,Dark Rebellion,DR,34,False,2024-10-03 08:25:42
16313,7970673022,9332046.0,Dominatrix,DMX,37,9332069.0,Mister Maniacs,MM,23,True,2024-10-03 08:38:05
15898,7970686099,9449748.0,DMS,DMS,22,9216247.0,ASAKURA,ASAKURA,14,True,2024-10-03 09:08:37
17233,7970699293,9426115.0,Dark Rebellion,DR,18,8629324.0,Swift Knights,Sk,43,False,2024-10-03 09:09:08
17184,7970707629,9449139.0,piggg,piggg,8,9034090.0,AU REJECTS,AUR,29,False,2024-10-03 09:18:10
16313,7970712683,8961813.0,SHAOLIN,SHN,34,9330492.0,Iconic,ICo,42,False,2024-10-03 09:22:56
15901,7970716762,9545569.0,Elite Eclipse,EE,28,9482420.0,EYE Gaming,EYE,14,True,2024-10-03 09:28:50
17233,7970737759,8629324.0,Swift Knights,Sk,24,9426115.0,Dark Rebellion,DR,45,False,2024-10-03 09:51:38
17184,7970747546,9034090.0,AU REJECTS,AUR,9,9449139.0,piggg,piggg,33,False,2024-10-03 10:01:13
15898,7970755781,9216247.0,ASAKURA,ASAKURA,14,9449748.0,DMS,DMS,28,False,2024-10-03 10:10:08
16313,7970759234,9330492.0,Iconic,ICo,40,8961813.0,SHAOLIN,SHN,37,True,2024-10-03 10:13:46
15901,7970760297,9482420.0,EYE Gaming,EYE,49,9545569.0,Elite Eclipse,EE,26,True,2024-10-03 10:14:55
17233,7970787594,2443375.0,Foxy gaming,Foxy,18,8629315.0,Wiser Warriors,WW,37,False,2024-10-03 10:43:50
17184,7970806336,9554242.0,Play for Fun,P4F,39,9537647.0,BORN Esports ,B.E,7,True,2024-10-03 11:03:01
15901,7970807396,9505825.0,Elite Eclipse,,47,9482420.0,EYE Gaming,EYE,41,True,2024-10-03 11:02:36
17184,7970811646,9554690.0,Hexi'S Sexis,hexisexi,40,9546798.0,TEAM TEWOOP,TT,14,True,2024-10-03 11:08:21
17233,7970846775,8629315.0,Wiser Warriors,WW,14,2443375.0,Foxy gaming,Foxy,2,True,2024-10-03 11:42:15
17184,7970854230,9537647.0,BORN Esports ,B.E,28,9554242.0,Play for Fun,P4F,53,False,2024-10-03 11:44:32
17184,7970866349,9554690.0,Hexi'S Sexis,hexisexi,49,9546798.0,TEAM TEWOOP,TT,36,True,2024-10-03 11:54:54
17233,7970875573,8629317.0,Bright Crusaders,Bc,16,9425660.0,Shadow Avengers,SAS,24,False,2024-10-03 12:10:48
17233,7970941706,9425660.0,Shadow Avengers,SAS,21,8629317.0,Bright Crusaders,Bc,6,True,2024-10-03 12:52:34
15901,7970948599,9461271.0,Elite Eclipse,EE,38,9504550.0,Prodigy of God,POG,7,True,2024-10-03 12:56:37
17233,7970993810,8629318.0,Mad Monkeys,Mm,33,8629005.0,Flawless Goblins,Fg,14,True,2024-10-03 13:27:06
15901,7971018436,9504550.0,Prodigy of God,POG,30,9344732.0,Elite Eclipse,,35,False,2024-10-03 13:42:34
17233,7971054775,8629005.0,Flawless Goblins,Fg,22,8629318.0,Mad Monkeys,Mm,3,True,2024-10-03 14:06:44
17233,7971094128,8629318.0,Mad Monkeys,Mm,38,8629005.0,Flawless Goblins,Fg,25,True,2024-10-03 14:31:44
15901,7971107111,9504780.0,Rakuzan,Rakuzan,35,8831040.0,Ghost Sheep,GS,17,True,2024-10-03 14:44:50
15898,7971138115,8838314.0,Matreshka,MT,21,8588969.0,HYDRA,HYDRA,9,True,2024-10-03 14:59:49
17233,7971164422,9426115.0,Dark Rebellion,DR,19,8629324.0,Swift Knights,Sk,38,False,2024-10-03 15:14:20
15901,7971192587,8831040.0,Ghost Sheep,GS,38,9504780.0,Rakuzan,Rakuzan,15,True,2024-10-03 15:30:46
17233,7971227703,8629324.0,Swift Knights,Sk,44,9426115.0,Dark Rebellion,DR,29,True,2024-10-03 15:53:00
15898,7971239066,8838314.0,Matreshka,MT,28,8588969.0,HYDRA,HYDRA,38,False,2024-10-03 15:59:24
15901,7971271128,8831040.0,Ghost Sheep,GS,17,9504780.0,Rakuzan,Rakuzan,38,False,2024-10-03 16:20:13
15898,7971336667,8838314.0,Matreshka,MT,16,8588969.0,HYDRA,HYDRA,35,False,2024-10-03 17:05:16
15901,7971413158,9480855.0,Dominion,Dominion,37,9492941.0,Shinigami Gaming,,11,True,2024-10-03 17:50:56
15901,7971478840,9492941.0,Shinigami Gaming,,46,9480855.0,Dominion,Dominion,27,True,2024-10-03 18:32:07
16635,7971537016,8849817.0,ZEUS THUNDER GOD,ZTG,34,8987220.0,HolyTeam,HT,25,True,2024-10-03 19:12:51
15901,7971540701,9555752.0,Shinigami Gaming,Shinigami,31,9467024.0,Dominion,,40,False,2024-10-03 19:17:10
16635,7971598166,8987220.0,HolyTeam,HT,39,8849817.0,ZEUS THUNDER GOD,ZTG,49,False,2024-10-03 20:01:17
15901,7971627670,9088071.0,EYE Gaming,EYE,39,9344594.0,Dominion,DO,38,True,2024-10-03 20:27:30
16635,7971650162,8849833.0,VERTEX PACK,vP,19,8970060.0,Moonwalkers,MW,24,False,2024-10-03 20:49:23
15901,7971681871,9344594.0,Dominion,DO,13,9088071.0,EYE Gaming,EYE,36,False,2024-10-03 21:24:41
16635,7971683050,8970060.0,Moonwalkers,MW,50,8849833.0,VERTEX PACK,vP,54,True,2024-10-03 21:26:37
16635,7971731049,8957156.0,Silent killer,sK,21,8850016.0,FLYING FORTUNE,Ff,27,False,2024-10-03 22:36:30
16635,7971756132,8850016.0,FLYING FORTUNE,Ff,21,8957156.0,Silent killer,sK,33,False,2024-10-03 23:20:31
16635,7971775877,8957156.0,Silent killer,sK,31,8850016.0,FLYING FORTUNE,Ff,16,True,2024-10-04 00:00:07
16635,7971802010,8849837.0,FALL VICTIMS,FV,18,8849990.0,REAL ECLIPSE,RE,36,False,2024-10-04 00:44:09
16635,7971821795,8849990.0,REAL ECLIPSE,RE,15,8849837.0,FALL VICTIMS,FV,36,False,2024-10-04 01:27:20
16635,7971845025,8849837.0,FALL VICTIMS,FV,30,8849990.0,REAL ECLIPSE,RE,36,False,2024-10-04 02:07:21
17233,7971888180,9426115.0,Dark Rebellion,DR,26,8629014.0,Dragon Blood,DB,20,True,2024-10-04 03:18:47
17233,7971910548,8629014.0,Dragon Blood,DB,42,9426115.0,Dark Rebellion,DR,31,True,2024-10-04 03:56:36
16313,7971913043,9018528.0,Crew X,CrX,41,9330493.0,RuleBreakers,RB,30,True,2024-10-04 04:00:44
17233,7971915041,8629324.0,Swift Knights,Sk,27,8629318.0,Mad Monkeys,Mm,9,True,2024-10-04 04:05:09
17233,7971935716,9426115.0,Dark Rebellion,DR,19,8629014.0,Dragon Blood,DB,36,False,2024-10-04 04:39:19
17233,7971936529,8629318.0,Mad Monkeys,Mm,39,8629324.0,Swift Knights,Sk,21,True,2024-10-04 04:42:12
16313,7971950676,9330493.0,RuleBreakers,RB,16,9018528.0,Crew X,CrX,36,False,2024-10-04 05:03:18
17233,7971962401,8629324.0,Swift Knights,Sk,39,8629318.0,Mad Monkeys,Mm,20,True,2024-10-04 05:23:27
17233,7971968929,8629315.0,Wiser Warriors,WW,19,2443375.0,Foxy gaming,Foxy,37,False,2024-10-04 05:31:56
16313,7971974250,8864178.0,Marvelous Warriors,MW,7,9332084.0,Lighting Legends,LL,27,False,2024-10-04 05:39:29
17233,7971996272,9425656.0,LSG,LSG,38,8629005.0,Flawless Goblins,Fg,51,False,2024-10-04 06:12:22
17233,7971998217,2443375.0,Foxy gaming,Foxy,41,8629315.0,Wiser Warriors,WW,26,True,2024-10-04 06:14:52
16313,7972001428,9332084.0,Lighting Legends,LL,24,8864178.0,Marvelous Warriors,MW,49,False,2024-10-04 06:18:52
17119,7972029054,8574561.0,Azure Ray,AR,23,8375259.0,Infinity,Infinity,13,True,2024-10-04 07:01:50
17119,7972029465,9338413.0,MOUZ,MOUZ,28,9381678.0,Apex Genesis,Apex,14,True,2024-10-04 07:01:17
16313,7972031234,8864178.0,Marvelous Warriors,MW,43,9332084.0,Lighting Legends,LL,41,True,2024-10-04 06:58:29
17233,7972031469,9425660.0,Shadow Avengers,SAS,23,8629318.0,Mad Monkeys,Mm,39,False,2024-10-04 06:59:25
17233,7972032808,8629005.0,Flawless Goblins,Fg,59,9425656.0,LSG,LSG,37,True,2024-10-04 07:01:31
15901,7972032892,9439525.0,Prodigy of God,PoG,32,9481964.0,Elite Eclipse,EE,27,True,2024-10-04 07:00:42
17233,7972064205,8629318.0,Mad Monkeys,Mm,21,9425660.0,Shadow Avengers,SAS,42,False,2024-10-04 07:39:51
17233,7972074914,9426115.0,Dark Rebellion,DR,32,8629317.0,Bright Crusaders,Bc,22,True,2024-10-04 07:52:47
16313,7972076834,9018543.0,Hustlers,HS,18,8893840.0,Big Bang Gaming,BB,37,False,2024-10-04 07:53:48
17119,7972080754,8375259.0,Infinity,Infinity,27,8574561.0,Azure Ray,AR,15,True,2024-10-04 08:02:17
15901,7972084725,9481964.0,Elite Eclipse,EE,27,9439525.0,Prodigy of God,PoG,45,False,2024-10-04 08:02:45
17119,7972088536,9381678.0,Apex Genesis,Apex,17,9338413.0,MOUZ,MOUZ,45,False,2024-10-04 08:09:40
17233,7972102806,9425660.0,Shadow Avengers,SAS,30,8629318.0,Mad Monkeys,Mm,38,True,2024-10-04 08:23:28
16313,7972110708,8893840.0,Big Bang Gaming,BB,30,9018543.0,Hustlers,HS,22,True,2024-10-04 08:31:32
17233,7972118335,8629317.0,Bright Crusaders,Bc,16,9426115.0,Dark Rebellion,DR,35,False,2024-10-04 08:42:08
15898,7972138059,9530783.0,Team Hryvnia,TH,32,9256405.0,Level UP esports,LevelUP,45,False,2024-10-04 09:03:34
17119,7972143214,8375259.0,Infinity,Infinity,13,8574561.0,Azure Ray,AR,44,False,2024-10-04 09:10:19
16313,7972152361,9330489.0,ThunderLab,TL,39,8893837.0,Parallel eSports,PeS,29,True,2024-10-04 09:15:52
17233,7972163608,8629014.0,Dragon Blood,DB,17,8629315.0,Wiser Warriors,WW,37,False,2024-10-04 09:29:15
15901,7972168489,9481964.0,Elite Eclipse,EE,29,9530233.0,Dominion,Dominion,17,True,2024-10-04 09:32:40
17119,7972169966,9351740.0,Invictus Gaming,iG,19,111474.0,Alliance,Alliance,26,True,2024-10-04 09:35:03
16313,7972193417,8893837.0,Parallel eSports,PeS,33,9330489.0,ThunderLab,TL,48,False,2024-10-04 09:57:26
17119,7972206434,8728920.0,nouns,nouns,45,9303383.0,L1GA TEAM,L1,29,True,2024-10-04 10:16:31
17233,7972206540,8629315.0,Wiser Warriors,WW,45,8629014.0,Dragon Blood,DB,34,True,2024-10-04 10:11:52
15901,7972214607,9530233.0,Dominion,Dominion,31,9481964.0,Elite Eclipse,EE,14,True,2024-10-04 10:18:03
17119,7972235565,111474.0,Alliance,Alliance,37,9351740.0,Invictus Gaming,iG,16,True,2024-10-04 10:44:50
15898,7972238678,9530783.0,Team Hryvnia,TH,11,9256405.0,Level UP esports,LevelUP,32,False,2024-10-04 10:40:40
15901,7972282265,9530233.0,Dominion,Dominion,23,9481964.0,Elite Eclipse,EE,20,True,2024-10-04 11:20:17
17119,7972307189,111474.0,Alliance,Alliance,32,9351740.0,Invictus Gaming,iG,11,True,2024-10-04 11:43:21
15898,7972328500,8588969.0,HYDRA,HYDRA,17,9449748.0,DMS,DMS,34,False,2024-10-04 12:00:16
17233,7972337321,8629317.0,Bright Crusaders,Bc,14,8629324.0,Swift Knights,Sk,27,False,2024-10-04 12:04:32
17119,7972356320,9303383.0,L1GA TEAM,L1,31,8728920.0,nouns,nouns,8,True,2024-10-04 12:20:13
17233,7972390841,8629324.0,Swift Knights,Sk,15,8629317.0,Bright Crusaders,Bc,25,False,2024-10-04 12:42:26
17119,7972392908,9498970.0,AVULUS,AVULUS,23,8254400.0,beastcoast,bc,35,False,2024-10-04 12:52:37
15898,7972422476,9449748.0,DMS,DMS,23,8588969.0,HYDRA,HYDRA,15,True,2024-10-04 13:03:21
15901,7972430322,9395679.0,Shinigami Gaming,Shinigami,11,9395797.0,Prodigy of God ,POG,33,False,2024-10-04 13:08:37
17119,7972445566,9303383.0,L1GA TEAM,L1,26,8728920.0,nouns,nouns,16,True,2024-10-04 13:22:26
17233,7972450721,8629317.0,Bright Crusaders,Bc,26,8629324.0,Swift Knights,Sk,26,False,2024-10-04 13:22:16
15901,7972495178,9395797.0,Prodigy of God ,POG,8,9395679.0,Shinigami Gaming,Shinigami,39,False,2024-10-04 13:49:34
17119,7972506299,8254400.0,beastcoast,bc,12,9498970.0,AVULUS,AVULUS,31,False,2024-10-04 14:00:52
17233,7972519499,8629005.0,Flawless Goblins,Fg,49,2443375.0,Foxy gaming,Foxy,29,True,2024-10-04 14:04:42
15901,7972573852,9395679.0,Shinigami Gaming,Shinigami,47,9439525.0,Prodigy of God,PoG,53,True,2024-10-04 14:37:08
17119,7972578191,9303484.0,HEROIC,Heroic,32,36.0,Natus Vincere,NAVI,5,True,2024-10-04 14:46:02
17233,7972585529,2443375.0,Foxy gaming,Foxy,30,8629005.0,Flawless Goblins,Fg,10,True,2024-10-04 14:44:14
15898,7972614037,9530947.0,Palianytsia,PLNTS,29,9256405.0,Level UP esports,LevelUP,23,False,2024-10-04 15:23:32
17119,7972617541,9498970.0,AVULUS,AVULUS,36,8254400.0,beastcoast,bc,7,True,2024-10-04 15:06:24
17233,7972630757,8629005.0,Flawless Goblins,Fg,27,2443375.0,Foxy gaming,Foxy,26,False,2024-10-04 15:10:37
16251,7972639018,2235876.0,,,54,9439893.0,СТАРЫЙ БОХ ПРАЙМ,SBP,43,False,2024-10-04 15:16:30
16251,7972663249,9449498.0,bigguccisosa,GLO,41,9402402.0,,,13,True,2024-10-04 15:30:14
17119,7972675517,36.0,Natus Vincere,NAVI,32,9303484.0,HEROIC,Heroic,11,True,2024-10-04 15:42:19
17233,7972705393,8629315.0,Wiser Warriors,WW,27,8629318.0,Mad Monkeys,Mm,28,False,2024-10-04 15:55:02
17119,7972708656,8291895.0,Tundra Esports,Tundra,30,9545759.0,Waska,Waska,16,True,2024-10-04 16:07:22
15901,7972719539,9499066.0,EYE GAMING,EYE,14,9504550.0,Prodigy of God,POG,36,False,2024-10-04 16:03:03
17233,7972762057,8629318.0,Mad Monkeys,Mm,36,8629315.0,Wiser Warriors,WW,35,True,2024-10-04 16:28:40
15898,7972766832,9530947.0,Palianytsia,PLNTS,30,9256405.0,Level UP esports,LevelUP,29,False,2024-10-04 16:30:52
17119,7972768294,9303484.0,HEROIC,Heroic,36,36.0,Natus Vincere,NAVI,20,True,2024-10-04 16:34:26
16251,7972771491,9449498.0,bigguccisosa,GLO,24,9439893.0,СТАРЫЙ БОХ ПРАЙМ,SBP,4,True,2024-10-04 16:34:03
15901,7972788939,9439525.0,Prodigy of God,PoG,12,9467580.0,EYE GAMING,EYE,43,False,2024-10-04 16:44:10
17119,7972825686,9545759.0,Waska,Waska,8,8291895.0,Tundra Esports,Tundra,35,False,2024-10-04 17:12:03
15901,7972850466,9467580.0,EYE GAMING,EYE,33,9504550.0,Prodigy of God,POG,34,True,2024-10-04 17:21:57
15901,7972943602,9530716.0,Air Defence,AD,17,9225431.0,TEIKO,,33,False,2024-10-04 18:36:46
16635,7973010636,8849817.0,ZEUS THUNDER GOD,ZTG,29,8970060.0,Moonwalkers,MW,17,True,2024-10-04 19:03:51
15901,7973076406,9488822.0,TEIKO,TEIKO,62,8993427.0,Air Defense,AD,36,True,2024-10-04 19:46:10
16635,7973077846,8970060.0,Moonwalkers,MW,38,8849817.0,ZEUS THUNDER GOD,ZTG,21,True,2024-10-04 19:47:42
16635,7973147078,8849817.0,ZEUS THUNDER GOD,ZTG,29,8970060.0,Moonwalkers,MW,10,True,2024-10-04 20:40:02
15901,7973167695,9473226.0,EYE GAMING,EYE,35,9444453.0,Elite Eclipse,EE,61,False,2024-10-04 20:58:54
16635,7973195242,8849833.0,VERTEX PACK,vP,27,8849837.0,FALL VICTIMS,FV,22,True,2024-10-04 21:22:23
15901,7973229664,9440022.0,Elite Eclipse,EE,55,9473226.0,EYE GAMING,EYE,35,True,2024-10-04 21:57:08
16635,7973235525,8849837.0,FALL VICTIMS,FV,29,8849833.0,VERTEX PACK,vP,34,False,2024-10-04 22:04:30
17064,7973247539,9530392.0,Cinder Wolves,CW,17,8986802.0,Maycam Evolve,EV.,23,False,2024-10-04 22:20:50
16635,7973271194,8849833.0,VERTEX PACK,vP,39,8849817.0,ZEUS THUNDER GOD,ZTG,25,True,2024-10-04 22:49:45
17064,7973299510,9530392.0,Cinder Wolves,CW,12,8986802.0,Maycam Evolve,EV.,29,False,2024-10-04 23:32:29
16635,7973302777,8849817.0,ZEUS THUNDER GOD,ZTG,34,8849833.0,VERTEX PACK,vP,32,True,2024-10-04 23:39:26
16635,7973328021,8849833.0,VERTEX PACK,vP,19,8849817.0,ZEUS THUNDER GOD,ZTG,20,False,2024-10-05 00:22:31
16635,7973346636,8849817.0,ZEUS THUNDER GOD,ZTG,15,8849833.0,VERTEX PACK,vP,26,False,2024-10-05 00:56:13
17064,7973348667,9537903.0,Mystic Maidens,MM,26,9467212.0,Savage Gaming,SAVAG,18,True,2024-10-05 00:59:28
16635,7973375939,8849833.0,VERTEX PACK,vP,25,8849817.0,ZEUS THUNDER GOD,ZTG,33,False,2024-10-05 01:48:07
17064,7973396985,9467212.0,Savage Gaming,SAVAG,13,9537903.0,Mystic Maidens,MM,29,False,2024-10-05 02:19:34
17233,7973436320,8629014.0,Dragon Blood,DB,38,8629324.0,Swift Knights,Sk,25,True,2024-10-05 03:22:50
17233,7973466150,8629324.0,Swift Knights,Sk,11,8629014.0,Dragon Blood,DB,24,False,2024-10-05 04:03:20
17233,7973493899,9425656.0,LSG,LSG,24,2443375.0,Foxy gaming,Foxy,16,True,2024-10-05 04:42:17
17233,7973526596,2443375.0,Foxy gaming,Foxy,26,9425656.0,LSG,LSG,50,False,2024-10-05 05:26:27
15901,7973568473,9524189.0,Elite Eclipse,,23,9383024.0,Prodigy Of God,PoG,18,True,2024-10-05 06:17:57
17119,7973602934,9498970.0,AVULUS,AVULUS,28,9338413.0,MOUZ,MOUZ,7,True,2024-10-05 07:01:22
17119,7973603110,9351740.0,Invictus Gaming,iG,17,9381678.0,Apex Genesis,Apex,18,True,2024-10-05 07:05:05
15901,7973606416,9367607.0, Prodigy of God,POG,30,9524189.0,Elite Eclipse,,40,False,2024-10-05 06:58:55
17119,7973665209,9338413.0,MOUZ,MOUZ,19,9498970.0,AVULUS,AVULUS,31,False,2024-10-05 08:01:25
17119,7973689166,9351740.0,Invictus Gaming,iG,28,9381678.0,Apex Genesis,Apex,17,True,2024-10-05 08:21:14
15901,7973689391,9524189.0,Elite Eclipse,,16,9467580.0,EYE GAMING,EYE,48,False,2024-10-05 08:18:47
17119,7973734261,9303484.0,HEROIC,Heroic,36,8574561.0,Azure Ray,AR,18,True,2024-10-05 09:04:02
15898,7973744100,9530783.0,Team Hryvnia,TH,10,9530947.0,Palianytsia,PLNTS,29,False,2024-10-05 09:05:25
15901,7973747632,9476778.0,Eye Gaming,EYE,32,9524189.0,Elite Eclipse,,16,True,2024-10-05 09:08:23
17119,7973769812,8375259.0,Infinity,Infinity,21,8728920.0,nouns,nouns,33,False,2024-10-05 09:29:50
17119,7973809955,8574561.0,Azure Ray,AR,10,9303484.0,HEROIC,Heroic,32,False,2024-10-05 10:05:05
15898,7973809988,9530947.0,Palianytsia,PLNTS,37,9530783.0,Team Hryvnia,TH,14,True,2024-10-05 10:00:17
15901,7973844530,9499066.0,EYE GAMING,EYE,30,9504550.0,Prodigy of God,POG,22,True,2024-10-05 10:30:06
17119,7973869110,8728920.0,nouns,nouns,28,8375259.0,Infinity,Infinity,21,True,2024-10-05 10:51:59
17119,7973889148,9247354.0,Team Falcons,FLCN,26,111474.0,Alliance,Alliance,20,True,2024-10-05 11:11:40
15901,7973907081,9504550.0,Prodigy of God,POG,41,9499066.0,EYE GAMING,EYE,28,True,2024-10-05 11:15:45
15898,7973963614,9403748.0,Dragon Esports Club,DEC,31,9449748.0,DMS,DMS,42,False,2024-10-05 11:59:16
17119,7973977216,8254400.0,beastcoast,bc,32,7554697.0,Nigma Galaxy,NGX,18,True,2024-10-05 12:14:29
15901,7973982086,9499066.0,EYE GAMING,EYE,28,9504550.0,Prodigy of God,POG,38,False,2024-10-05 12:08:19
17119,7973999193,111474.0,Alliance,Alliance,22,9247354.0,Team Falcons,FLCN,9,True,2024-10-05 12:25:17
15898,7974083673,9449748.0,DMS,DMS,27,9403748.0,Dragon Esports Club,DEC,10,True,2024-10-05 13:11:24
15901,7974099948,9467024.0,Dominion,,42,9120549.0,Shinigami Gaming,Shin,46,True,2024-10-05 13:21:31
17119,7974102995,7554697.0,Nigma Galaxy,NGX,34,8254400.0,beastcoast,bc,18,True,2024-10-05 13:27:42
17119,7974106301,111474.0,Alliance,Alliance,23,9247354.0,Team Falcons,FLCN,43,False,2024-10-05 13:29:57
17119,7974206675,8254400.0,beastcoast,bc,16,7554697.0,Nigma Galaxy,NGX,25,False,2024-10-05 14:22:27
15901,7974237153,9493513.0,Shinigami Gaming,Shin,11,9467024.0,Dominion,,39,False,2024-10-05 14:37:38
17119,7974260231,8291895.0,Tundra Esports,Tundra,36,9303383.0,L1GA TEAM,L1,53,False,2024-10-05 14:57:31
15898,7974274902,9017006.0,NAVI Junior,NAVIj,33,9256405.0,Level UP esports,LevelUP,11,True,2024-10-05 15:05:01
16251,7974283417,9024302.0,SV1N,SV!N,35,8572024.0,EternalEngine,ETEN,5,True,2024-10-05 15:03:44
16251,7974283417,9024302.0,Palmolive,SV!N,35,8572024.0,EternalEngine,ETEN,5,True,2024-10-05 15:03:44
16251,7974283563,9482795.0,Shadow Bastards,SDBD,13,9297653.0,Not Today,NT,37,False,2024-10-05 15:03:53
16251,7974285627,9487078.0,DOTALOGOGAMING,QWE,20,9556188.0,С пацанами на велике,ABOBA,36,False,2024-10-05 15:04:15
16251,7974287438,9555779.0,Red Rabbit Team,RR Team ,12,9555347.0,Team EGO,EGO,34,False,2024-10-05 15:06:26
16251,7974288580,8292678.0,Trap Team,TT,12,6236411.0,[TNA.PRO],Мы про ,55,False,2024-10-05 15:06:36
16251,7974290609,9487554.0,Dark Reef,DarkReef.,36,9460576.0,SLPKTS PRIDE,PRIDE,10,True,2024-10-05 15:07:29
16251,7974293203,9547487.0,,,10,9546737.0,SC.Bears,SC.Bears ,36,False,2024-10-05 15:09:15
16251,7974296112,9119949.0,Bury the Light,BtL,42,9555223.0,MilfHunter,MHunter,20,True,2024-10-05 15:10:02
16251,7974298393,9473191.0,Dagestan Gladiators,DG,53,9556715.0,,,41,True,2024-10-05 15:11:17
17119,7974318443,36.0,Natus Vincere,NAVI,32,9545759.0,Waska,Waska,11,True,2024-10-05 15:25:02
16251,7974370210,9493574.0,BezCifr,BC,38,9556883.0,bob3r,bob3r,45,False,2024-10-05 15:51:30
16251,7974375260,9487554.0,Dark Reef,DarkReef.,35,9555347.0,Team EGO,EGO,15,True,2024-10-05 15:54:34
16251,7974377330,2834713.0,WWW,W_W,33,9297653.0,Not Today,NT,16,True,2024-10-05 15:55:38
16251,7974384997,9546737.0,SC.Bears,SC.Bears ,57,8910895.0,V V P,VVP,31,True,2024-10-05 15:59:53
15898,7974387948,9017006.0,NAVI Junior,NAVIj,32,9256405.0,Level UP esports,LevelUP,15,True,2024-10-05 16:00:46
15901,7974396885,9439525.0,Prodigy of God,PoG,17,9344594.0,Dominion,DO,39,False,2024-10-05 16:07:24
16251,7974406745,9390286.0,averans team,vinraze,6,9556188.0,С пацанами на велике,ABOBA,31,False,2024-10-05 16:12:00
17119,7974424237,36.0,Natus Vincere,NAVI,27,9545759.0,Waska,Waska,41,False,2024-10-05 16:27:45
17119,7974427275,9303383.0,L1GA TEAM,L1,23,8291895.0,Tundra Esports,Tundra,18,False,2024-10-05 16:29:24
16251,7974431591,6142726.0,,,48,9473191.0,Dagestan Gladiators,DG,48,False,2024-10-05 16:26:01
15901,7974484083,9344594.0,Dominion,DO,44,9439525.0,Prodigy of God,PoG,29,True,2024-10-05 16:55:18
16251,7974486194,9487554.0,Dark Reef,DarkReef.,32,2834713.0,WWW,W_W,8,True,2024-10-05 16:56:31
16251,7974488671,9556188.0,С пацанами на велике,ABOBA,32,9024302.0,SV1N,SV!N,12,True,2024-10-05 16:58:49
16251,7974488671,9556188.0,С пацанами на велике,ABOBA,32,9024302.0,Palmolive,SV!N,12,True,2024-10-05 16:58:49
16251,7974517483,9546737.0,SC.Bears,SC.Bears ,44,9556883.0,bob3r,bob3r,47,False,2024-10-05 17:14:45
17119,7974538106,8291895.0,Tundra Esports,Tundra,41,9303383.0,L1GA TEAM,L1,15,True,2024-10-05 17:31:27
16251,7974566804,9473191.0,Dagestan Gladiators,DG,12,9119949.0,Bury the Light,BtL,48,False,2024-10-05 17:43:46
17119,7974567836,36.0,Natus Vincere,NAVI,22,9545759.0,Waska,Waska,2,True,2024-10-05 17:49:04
16251,7974572430,9487554.0,Dark Reef,DarkReef.,35,9556188.0,С пацанами на велике,ABOBA,21,True,2024-10-05 17:47:28
16251,7974655480,9119949.0,Bury the Light,BtL,28,9556883.0,bob3r,bob3r,15,True,2024-10-05 18:36:50
15901,7974669043,9499066.0,EYE GAMING,EYE,43,9487784.0,Shinigami gaming,,55,False,2024-10-05 18:45:58
16251,7974741995,9487554.0,Dark Reef,DarkReef.,7,9119949.0,Bury the Light,BtL,28,False,2024-10-05 19:32:10
15901,7974766103,9505698.0,Shinigami gaming,,41,9499066.0,EYE GAMING,EYE,10,True,2024-10-05 19:47:21
17064,7974993307,9537903.0,Mystic Maidens,MM,44,9525152.0,Arduina Gaming,Ard,35,True,2024-10-05 23:20:49
17064,7975078085,9525152.0,Arduina Gaming,Ard,7,9537903.0,Mystic Maidens,MM,37,False,2024-10-06 01:27:11
17233,7975156403,8629005.0,Flawless Goblins,Fg,24,8629014.0,Dragon Blood,DB,5,True,2024-10-06 03:24:32
17233,7975178013,8629014.0,Dragon Blood,DB,19,8629005.0,Flawless Goblins,Fg,27,False,2024-10-06 03:54:57
17233,7975212168,9425660.0,Shadow Avengers,SAS,33,9425656.0,LSG,LSG,52,False,2024-10-06 04:42:44
17233,7975247277,9425656.0,LSG,LSG,12,9425660.0,Shadow Avengers,SAS,38,False,2024-10-06 05:26:42
15901,7975289999,9511702.0,Prodigy of God,,41,9395676.0,Shinigami gaming,Shin,43,False,2024-10-06 06:14:58
17233,7975295813,9425660.0,Shadow Avengers,SAS,41,9425656.0,LSG,LSG,26,True,2024-10-06 06:21:10
17119,7975330082,111474.0,Alliance,Alliance,22,8728920.0,nouns,nouns,10,True,2024-10-06 07:01:30
17119,7975331380,8574561.0,Azure Ray,AR,36,7554697.0,Nigma Galaxy,NGX,13,True,2024-10-06 07:00:57
17233,7975339818,9425660.0,Shadow Avengers,SAS,20,8629005.0,Flawless Goblins,Fg,41,False,2024-10-06 07:05:25
15901,7975350048,9395676.0,Shinigami gaming,Shin,35,9383024.0,Prodigy Of God,PoG,70,False,2024-10-06 07:14:19
17233,7975379382,8629005.0,Flawless Goblins,Fg,42,9425660.0,Shadow Avengers,SAS,29,True,2024-10-06 07:41:45
17119,7975406864,8728920.0,nouns,nouns,15,111474.0,Alliance,Alliance,23,False,2024-10-06 08:11:37
17119,7975410015,7554697.0,Nigma Galaxy,NGX,33,8574561.0,Azure Ray,AR,20,True,2024-10-06 08:10:49
15901,7975423047,9439525.0,Prodigy of God,PoG,12,9395676.0,Shinigami gaming,Shin,43,False,2024-10-06 08:18:11
17233,7975435012,9425660.0,Shadow Avengers,SAS,50,8629005.0,Flawless Goblins,Fg,21,True,2024-10-06 08:28:51
17233,7975483035,8629005.0,Flawless Goblins,Fg,27,9425660.0,Shadow Avengers,SAS,19,True,2024-10-06 09:06:54
17119,7975493346,8574561.0,Azure Ray,AR,32,7554697.0,Nigma Galaxy,NGX,20,True,2024-10-06 09:19:15
17119,7975496693,9338413.0,MOUZ,MOUZ,10,36.0,Natus Vincere,NAVI,35,False,2024-10-06 09:19:56
15901,7975520984,9524130.0,Dominion,DOM,42,9481964.0,Elite Eclipse,EE,34,True,2024-10-06 09:36:11
17119,7975567356,36.0,Natus Vincere,NAVI,32,9338413.0,MOUZ,MOUZ,12,True,2024-10-06 10:15:51
17119,7975593614,9351740.0,Invictus Gaming,iG,7,9303383.0,L1GA TEAM,L1,16,False,2024-10-06 10:34:52
15901,7975608364,9481964.0,Elite Eclipse,EE,23,9467024.0,Dominion,,45,False,2024-10-06 10:40:26
17119,7975646156,8375259.0,Infinity,Infinity,25,9545759.0,Waska,Waska,32,False,2024-10-06 11:12:16
17119,7975678493,9303383.0,L1GA TEAM,L1,21,9351740.0,Invictus Gaming,iG,26,False,2024-10-06 11:29:56
16274,7975734279,9518809.0,TEAM MIDAS,,37,,,,20,True,2024-10-06 12:03:01
16274,7975735093,,,,16,9142293.0,leman fanboys,leman,47,False,2024-10-06 12:03:30
16274,7975738468,8634419.0,«444» Squad,«444»,46,,,,8,True,2024-10-06 12:05:30
16274,7975743523,8854542.0,Team Tityan,Tity,18,9547412.0,pognavshe,pog,44,False,2024-10-06 12:08:32
15901,7975753783,9467229.0,Prodigy of God,POG,17,9467580.0,EYE GAMING,EYE,46,False,2024-10-06 12:15:24
16274,7975754376,9410195.0,ZakaZnie,[ZakaZnie],19,9344741.0,,,32,False,2024-10-06 12:14:59
16274,7975756570,9461701.0,1337,1337,46,,,,18,True,2024-10-06 12:16:18
17119,7975795134,9303383.0,L1GA TEAM,L1,5,9351740.0,Invictus Gaming,iG,32,False,2024-10-06 12:45:51
17119,7975795916,9545759.0,Waska,Waska,21,8375259.0,Infinity,Infinity,21,False,2024-10-06 12:41:59
15901,7975862271,9482420.0,EYE Gaming,EYE,34,9467229.0,Prodigy of God,POG,34,True,2024-10-06 13:15:27
16274,7975875150,9344741.0,,,39,9518809.0,TEAM MIDAS,,11,True,2024-10-06 13:22:20
16274,7975875289,,,,6,9547412.0,pognavshe,pog,36,False,2024-10-06 13:22:25
16274,7975877164,,,,37,9562955.0,,,22,True,2024-10-06 13:23:23
16274,7975880937,9530192.0,TARRASQUE TEAM,TRRSQ,2,,,,37,False,2024-10-06 13:25:26
17119,7975918514,8375259.0,Infinity,Infinity,29,9545759.0,Waska,Waska,35,True,2024-10-06 13:50:14
17119,7975935708,9247354.0,Team Falcons,FLCN,26,9498970.0,AVULUS,AVULUS,13,True,2024-10-06 14:07:40
16274,7975998510,9461701.0,1337,1337,31,9547412.0,pognavshe,pog,9,True,2024-10-06 14:27:11
16274,7976006269,8634419.0,«444» Squad,«444»,23,9115358.0,Naodnu,ASU,5,True,2024-10-06 14:31:10
16274,7976015795,9142293.0,leman fanboys,leman,27,9344741.0,,,13,True,2024-10-06 14:36:09
15901,7976032618,9395679.0,Shinigami Gaming,Shinigami,56,9563020.0,Elite Eclipse,,37,True,2024-10-06 14:45:32
17119,7976071241,9498970.0,AVULUS,AVULUS,6,9247354.0,Team Falcons,FLCN,23,False,2024-10-06 15:14:17
16251,7976079885,9297653.0,Not Today,NT,29,7777322.0,,,8,True,2024-10-06 15:10:01
17119,7976086048,9381678.0,Apex Genesis,Apex,9,8254400.0,beastcoast,bc,31,False,2024-10-06 15:17:51
16251,7976089193,9024302.0,SV1N,SV!N,22,9137901.0,,,37,False,2024-10-06 15:15:06
16251,7976089193,9024302.0,Palmolive,SV!N,22,9137901.0,,,37,False,2024-10-06 15:15:06
16274,7976112693,9461701.0,1337,1337,15,9142293.0,leman fanboys,leman,55,False,2024-10-06 15:27:01
15901,7976169603,9563020.0,Elite Eclipse,,28,9395679.0,Shinigami Gaming,Shinigami,40,False,2024-10-06 15:57:58
16251,7976171032,9433856.0,xdxdxd,XD,28,9297653.0,Not Today,NT,16,True,2024-10-06 15:59:17
17119,7976180048,9303484.0,HEROIC,Heroic,24,8291895.0,Tundra Esports,Tundra,6,True,2024-10-06 16:11:05
17119,7976210737,8254400.0,beastcoast,bc,24,9381678.0,Apex Genesis,Apex,9,True,2024-10-06 16:23:58
16274,7976224366,8634419.0,«444» Squad,«444»,36,9142293.0,leman fanboys,leman,7,True,2024-10-06 16:28:19
16635,7976547101,8957156.0,Silent killer,sK,12,8849817.0,ZEUS THUNDER GOD,ZTG,22,False,2024-10-06 19:52:45
17064,7976565439,9530392.0,Cinder Wolves,CW,8,9525152.0,Arduina Gaming,Ard,26,False,2024-10-06 20:21:51
17064,7976653036,9525152.0,Arduina Gaming,Ard,36,9530392.0,Cinder Wolves,CW,9,True,2024-10-06 21:28:41
16635,7976653735,8850100.0,TOXIC TEAM,Tt,17,8987220.0,HolyTeam,HT,31,False,2024-10-06 21:30:49
16635,7976688089,8987220.0,HolyTeam,HT,37,8850100.0,TOXIC TEAM,Tt,27,True,2024-10-06 22:14:38
17064,7976719141,8986802.0,Maycam Evolve,EV.,29,9467212.0,Savage Gaming,SAVAG,23,True,2024-10-06 22:59:13
16635,7976719761,8849833.0,VERTEX PACK,vP,19,8970060.0,Moonwalkers,MW,29,False,2024-10-06 23:01:32
16635,7976743204,8970060.0,Moonwalkers,MW,14,8849833.0,VERTEX PACK,vP,14,True,2024-10-06 23:42:07
17064,7976772849,9467212.0,Savage Gaming,SAVAG,30,8986802.0,Maycam Evolve,EV.,32,False,2024-10-07 00:35:27
16635,7976773416,8849837.0,FALL VICTIMS,FV,32,8850016.0,FLYING FORTUNE,Ff,22,True,2024-10-07 00:36:35
16635,7976794324,8850016.0,FLYING FORTUNE,Ff,26,8849837.0,FALL VICTIMS,FV,37,False,2024-10-07 01:15:34
17233,7976896251,8629315.0,Wiser Warriors,WW,21,8629324.0,Swift Knights,Sk,32,False,2024-10-07 04:03:27
16313,7976898298,9332084.0,Lighting Legends,LL,21,9330492.0,Iconic,ICo,34,False,2024-10-07 04:04:22
16313,7976925093,9330492.0,Iconic,ICo,30,9332084.0,Lighting Legends,LL,52,False,2024-10-07 04:46:39
16313,7976956664,9332084.0,Lighting Legends,LL,41,9330492.0,Iconic,ICo,55,False,2024-10-07 05:34:03
17233,7976996552,8629317.0,Bright Crusaders,Bc,45,8629014.0,Dragon Blood,DB,66,False,2024-10-07 06:28:58
15901,7976999386,9395676.0,Shinigami gaming,Shin,21,9270745.0,Elite Eclipse,EE,45,False,2024-10-07 06:32:28
16313,7977002146,9018528.0,Crew X,CrX,30,8893840.0,Big Bang Gaming,BB,45,True,2024-10-07 06:35:19
17119,7977018485,7554697.0,Nigma Galaxy,NGX,25,8375259.0,Infinity,Infinity,34,False,2024-10-07 07:00:29
15901,7977038883,9270745.0,Elite Eclipse,EE,38,9395676.0,Shinigami gaming,Shin,29,True,2024-10-07 07:19:48
17233,7977042968,8629014.0,Dragon Blood,DB,37,8629317.0,Bright Crusaders,Bc,22,True,2024-10-07 07:25:00
16313,7977043951,8893840.0,Big Bang Gaming,BB,28,9018528.0,Crew X,CrX,37,False,2024-10-07 07:25:41
16313,7977084105,8864178.0,Marvelous Warriors,MW,14,8893837.0,Parallel eSports,PeS,35,False,2024-10-07 08:10:30
17119,7977090502,8375259.0,Infinity,Infinity,17,7554697.0,Nigma Galaxy,NGX,39,False,2024-10-07 08:22:30
15901,7977101999,9524130.0,Dominion,DOM,38,9467580.0,EYE GAMING,EYE,25,True,2024-10-07 08:30:11
16313,7977121556,8893837.0,Parallel eSports,PeS,36,8864178.0,Marvelous Warriors,MW,47,False,2024-10-07 08:50:27
17119,7977150376,7554697.0,Nigma Galaxy,NGX,18,8375259.0,Infinity,Infinity,29,False,2024-10-07 09:25:11
16313,7977168976,8864178.0,Marvelous Warriors,MW,35,8893837.0,Parallel eSports,PeS,29,True,2024-10-07 09:40:19
17233,7977169297,8629005.0,Flawless Goblins,Fg,34,9425660.0,Shadow Avengers,SAS,25,True,2024-10-07 09:43:52
15901,7977174909,9467580.0,EYE GAMING,EYE,40,9524130.0,Dominion,DOM,48,False,2024-10-07 09:46:40
16313,7977215659,9018543.0,Hustlers,HS,32,9330489.0,ThunderLab,TL,20,True,2024-10-07 10:29:13
17233,7977218373,8629318.0,Mad Monkeys,Mm,18,9425656.0,LSG,LSG,33,False,2024-10-07 10:32:33
17119,7977231132,8254400.0,beastcoast,bc,23,9303383.0,L1GA TEAM,L1,42,False,2024-10-07 10:51:32
17233,7977256320,9425656.0,LSG,LSG,39,8629318.0,Mad Monkeys,Mm,26,True,2024-10-07 11:07:59
16313,7977259281,9330489.0,ThunderLab,TL,20,9018543.0,Hustlers,HS,39,False,2024-10-07 11:10:09
15901,7977284672,9223797.0,Prodigy of God,,32,9440022.0,Elite Eclipse,EE,18,True,2024-10-07 11:32:50
17233,7977320627,8629315.0,Wiser Warriors,WW,19,8629318.0,Mad Monkeys,Mm,8,True,2024-10-07 12:02:14
17119,7977339226,9303383.0,L1GA TEAM,L1,8,8254400.0,beastcoast,bc,25,False,2024-10-07 12:16:19
15901,7977348484,9440022.0,Elite Eclipse,EE,39,9223797.0,Prodigy of God,,23,True,2024-10-07 12:20:30
17233,7977373696,8629318.0,Mad Monkeys,Mm,30,8629315.0,Wiser Warriors,WW,28,False,2024-10-07 12:38:41
17119,7977416843,9303383.0,L1GA TEAM,L1,23,8254400.0,beastcoast,bc,39,False,2024-10-07 13:11:56
15901,7977417745,9223797.0,Prodigy of God,,29,9440022.0,Elite Eclipse,EE,38,False,2024-10-07 13:06:55
17233,7977432794,8629317.0,Bright Crusaders,Bc,35,8629324.0,Swift Knights,Sk,21,True,2024-10-07 13:19:27
17233,7977493650,8629324.0,Swift Knights,Sk,27,8629317.0,Bright Crusaders,Bc,32,False,2024-10-07 13:55:25
17119,7977518413,9338413.0,MOUZ,MOUZ,15,8728920.0,nouns,nouns,28,False,2024-10-07 14:24:05
15901,7977527328,9524130.0,Dominion,DOM,44,9395679.0,Shinigami Gaming,Shinigami,44,False,2024-10-07 14:15:46
17233,7977563959,8629005.0,Flawless Goblins,Fg,49,2443375.0,Foxy gaming,Foxy,33,True,2024-10-07 14:37:41
15901,7977620715,9563304.0,,,41,9467055.0,Dominion,DOM,5,True,2024-10-07 15:12:04
17233,7977642813,2443375.0,Foxy gaming,Foxy,33,8629005.0,Flawless Goblins,Fg,16,True,2024-10-07 15:26:48
17119,7977645739,8728920.0,nouns,nouns,21,9338413.0,MOUZ,MOUZ,36,False,2024-10-07 15:33:33
15901,7977691587,9225431.0,TEIKO,,22,8831040.0,Ghost Sheep,GS,34,False,2024-10-07 15:58:18
17233,7977706116,8629005.0,Flawless Goblins,Fg,24,2443375.0,Foxy gaming,Foxy,38,False,2024-10-07 16:07:08
17119,7977765617,8728920.0,nouns,nouns,26,9338413.0,MOUZ,MOUZ,17,True,2024-10-07 16:49:50
15901,7977794795,8831040.0,Ghost Sheep,GS,43,9225431.0,TEIKO,,49,True,2024-10-07 17:04:51
17167,7977832917,9120029.0,,,40,9255845.0,Literium Team,LTM,11,True,2024-10-07 17:29:57
15901,7977900823,9487084.0,EYE Gaming,EYE,15,9482816.0,Elite Eclipse,,41,False,2024-10-07 18:16:10
15901,7977963184,9444453.0,Elite Eclipse,EE,35,9487084.0,EYE Gaming,EYE,7,True,2024-10-07 18:59:38
16635,7977967859,8957156.0,Silent killer,sK,41,8850100.0,TOXIC TEAM,Tt,26,True,2024-10-07 19:04:35
16635,7978037168,8850100.0,TOXIC TEAM,Tt,20,8957156.0,Silent killer,sK,31,False,2024-10-07 19:57:38
16635,7978101651,8987220.0,HolyTeam,HT,29,8849833.0,VERTEX PACK,vP,45,False,2024-10-07 21:00:20
16635,7978136932,8849833.0,VERTEX PACK,vP,18,8987220.0,HolyTeam,HT,39,False,2024-10-07 21:44:03
17064,7978161101,9525152.0,Arduina Gaming,Ard,6,8986802.0,Maycam Evolve,EV.,31,False,2024-10-07 22:19:35
16635,7978164700,8987220.0,HolyTeam,HT,39,8849833.0,VERTEX PACK,vP,43,False,2024-10-07 22:27:18
17064,7978195708,8986802.0,Maycam Evolve,EV.,27,9525152.0,Arduina Gaming,Ard,18,True,2024-10-07 23:21:41
16635,7978195729,8850016.0,FLYING FORTUNE,Ff,33,8849817.0,ZEUS THUNDER GOD,ZTG,19,True,2024-10-07 23:23:41
16635,7978220734,8849817.0,ZEUS THUNDER GOD,ZTG,26,8850016.0,FLYING FORTUNE,Ff,35,False,2024-10-08 00:13:35
17064,7978234675,9537903.0,Mystic Maidens,MM,8,9555297.0,Soul Angels,,35,False,2024-10-08 00:44:58
16635,7978242924,8849837.0,FALL VICTIMS,FV,36,8970060.0,Moonwalkers,MW,23,True,2024-10-08 00:58:36
16635,7978265337,8970060.0,Moonwalkers,MW,17,8849837.0,FALL VICTIMS,FV,35,False,2024-10-08 01:42:48
17064,7978269233,9555297.0,Soul Angels,,34,9537903.0,Mystic Maidens,MM,16,True,2024-10-08 01:49:45
16313,7978347570,8893840.0,Big Bang Gaming,BB,21,9332084.0,Lighting Legends,LL,33,False,2024-10-08 04:09:12
17233,7978349254,8629315.0,Wiser Warriors,WW,34,8629005.0,Flawless Goblins,Fg,29,False,2024-10-08 04:12:50
16313,7978373433,9332084.0,Lighting Legends,LL,23,8893840.0,Big Bang Gaming,BB,14,True,2024-10-08 04:53:20
17233,7978379291,8629005.0,Flawless Goblins,Fg,51,8629315.0,Wiser Warriors,WW,20,True,2024-10-08 05:03:49
16313,7978400650,9330492.0,Iconic,ICo,18,8893825.0,Lucky Bulldogs,LB,36,False,2024-10-08 05:40:01
17233,7978406249,8629014.0,Dragon Blood,DB,15,9425660.0,Shadow Avengers,SAS,26,False,2024-10-08 05:52:52
17233,7978432181,9425660.0,Shadow Avengers,SAS,27,8629014.0,Dragon Blood,DB,21,True,2024-10-08 06:32:12
16313,7978434269,8893825.0,Lucky Bulldogs,LB,19,9330492.0,Iconic,ICo,33,False,2024-10-08 06:34:56
17119,7978447086,9498970.0,AVULUS,AVULUS,34,9351740.0,Invictus Gaming,iG,22,True,2024-10-08 07:00:23
15901,7978454082,9481733.0,Eye Gaming,,18,9481763.0,Dominion,Dom,34,False,2024-10-08 07:06:44
16313,7978454645,9330492.0,Iconic,ICo,6,8893825.0,Lucky Bulldogs,LB,23,False,2024-10-08 07:06:39
17233,7978459523,9426115.0,Dark Rebellion,DR,12,8629318.0,Mad Monkeys,Mm,29,False,2024-10-08 07:14:34
16313,7978480847,9018528.0,Crew X,CrX,35,9332069.0,Mister Maniacs,MM,39,False,2024-10-08 07:45:28
15901,7978484402,9481763.0,Dominion,Dom,35,9481733.0,Eye Gaming,,43,True,2024-10-08 07:50:32
17233,7978486187,8629318.0,Mad Monkeys,Mm,31,9426115.0,Dark Rebellion,DR,10,True,2024-10-08 07:53:17
17119,7978508953,9351740.0,Invictus Gaming,iG,27,9498970.0,AVULUS,AVULUS,34,False,2024-10-08 08:35:20
16313,7978514708,9332069.0,Mister Maniacs,MM,30,9018528.0,Crew X,CrX,15,True,2024-10-08 08:32:31
17233,7978530007,8629317.0,Bright Crusaders,Bc,11,2443375.0,Foxy gaming,Foxy,33,False,2024-10-08 08:54:09
15901,7978539572,9433231.0,Night foxes,,29,9492695.0,Ghost Sheep,,44,False,2024-10-08 09:06:03
16313,7978551680,8864178.0,Marvelous Warriors,MW,10,9330485.0,BulletProofs,BP,36,False,2024-10-08 09:20:31
17233,7978560706,2443375.0,Foxy gaming,Foxy,23,8629317.0,Bright Crusaders,Bc,39,False,2024-10-08 09:32:03
16313,7978577858,9330485.0,BulletProofs,BP,27,8864178.0,Marvelous Warriors,MW,18,True,2024-10-08 09:53:11
17119,7978584525,8574561.0,Azure Ray,AR,11,8291895.0,Tundra Esports,Tundra,30,False,2024-10-08 10:10:31
15901,7978592672,9492695.0,Ghost Sheep,,51,9433231.0,Night foxes,,55,True,2024-10-08 10:10:34
17233,7978593905,8629317.0,Bright Crusaders,Bc,32,2443375.0,Foxy gaming,Foxy,46,False,2024-10-08 10:12:13
17119,7978651098,8291895.0,Tundra Esports,Tundra,18,8574561.0,Azure Ray,AR,6,True,2024-10-08 11:19:37
15901,7978671707,8831040.0,Ghost Sheep,GS,57,9389538.0,Dominion,,28,True,2024-10-08 11:32:36
17233,7978706937,8629324.0,Swift Knights,Sk,24,8629315.0,Wiser Warriors,WW,35,False,2024-10-08 12:02:04
17119,7978710029,111474.0,Alliance,Alliance,19,36.0,Natus Vincere,NAVI,23,False,2024-10-08 12:14:08
15901,7978726032,9389538.0,Dominion,,13,8831040.0,Ghost Sheep,GS,33,False,2024-10-08 12:16:19
17233,7978760347,8629315.0,Wiser Warriors,WW,29,8629324.0,Swift Knights,Sk,16,True,2024-10-08 12:42:05
15901,7978801627,9480855.0,Dominion,Dominion,43,9555752.0,Shinigami Gaming,Shinigami,14,True,2024-10-08 13:10:02
17119,7978813381,111474.0,Alliance,Alliance,23,36.0,Natus Vincere,NAVI,19,True,2024-10-08 13:22:05
17233,7978813630,8629014.0,Dragon Blood,DB,32,9425656.0,LSG,LSG,18,True,2024-10-08 13:17:20
15901,7978868979,9395676.0,Shinigami gaming,Shin,39,9467055.0,Dominion,DOM,47,False,2024-10-08 13:52:04
17233,7978871385,9425656.0,LSG,LSG,31,8629014.0,Dragon Blood,DB,14,True,2024-10-08 13:56:07
17119,7978911604,36.0,Natus Vincere,NAVI,34,111474.0,Alliance,Alliance,19,True,2024-10-08 14:23:15
17233,7978938726,8629014.0,Dragon Blood,DB,27,9425656.0,LSG,LSG,37,False,2024-10-08 14:35:22
17233,7979007666,2443375.0,Foxy gaming,Foxy,32,8629318.0,Mad Monkeys,Mm,21,True,2024-10-08 15:18:53
15901,7979041142,8831040.0,Ghost Sheep,GS,26,9225431.0,TEIKO,,31,False,2024-10-08 15:40:47
17233,7979062519,8629318.0,Mad Monkeys,Mm,39,2443375.0,Foxy gaming,Foxy,27,True,2024-10-08 15:58:13
15901,7979105771,9225431.0,TEIKO,,61,8831040.0,Ghost Sheep,GS,43,True,2024-10-08 16:23:10
17233,7979131474,2443375.0,Foxy gaming,Foxy,35,8629318.0,Mad Monkeys,Mm,16,True,2024-10-08 16:41:05
15901,7979328438,9473226.0,EYE GAMING,EYE,27,9444453.0,Elite Eclipse,EE,25,True,2024-10-08 18:54:28
16635,7979337000,8957156.0,Silent killer,sK,26,8849833.0,VERTEX PACK,vP,35,False,2024-10-08 19:02:41
15901,7979390785,9444453.0,Elite Eclipse,EE,29,8965054.0,EYE-Gaming,EYE,26,True,2024-10-08 19:42:19
16635,7979399796,8849833.0,VERTEX PACK,vP,37,8957156.0,Silent killer,sK,25,True,2024-10-08 19:54:56
16635,7979455579,8987220.0,HolyTeam,HT,25,8850016.0,FLYING FORTUNE,Ff,13,True,2024-10-08 20:41:04
15901,7979459053,9473226.0,EYE GAMING,EYE,16,9444453.0,Elite Eclipse,EE,35,False,2024-10-08 20:44:10
16635,7979537714,8850016.0,FLYING FORTUNE,Ff,17,8987220.0,HolyTeam,HT,31,False,2024-10-08 22:26:33
16635,7979565513,8850100.0,TOXIC TEAM,Tt,36,8970060.0,Moonwalkers,MW,20,True,2024-10-08 23:08:20
16635,7979589555,8970060.0,Moonwalkers,MW,30,8850100.0,TOXIC TEAM,Tt,37,False,2024-10-08 23:50:52
16635,7979615563,8849817.0,ZEUS THUNDER GOD,ZTG,37,8849837.0,FALL VICTIMS,FV,51,False,2024-10-09 00:41:51
16635,7979646007,8849837.0,FALL VICTIMS,FV,38,8849817.0,ZEUS THUNDER GOD,ZTG,27,True,2024-10-09 01:39:54
17233,7979705538,9426115.0,Dark Rebellion,DR,28,2443375.0,Foxy gaming,Foxy,32,False,2024-10-09 03:25:56
17233,7979728770,9425660.0,Shadow Avengers,SAS,30,8629317.0,Bright Crusaders,Bc,14,True,2024-10-09 04:08:54
17233,7979734423,2443375.0,Foxy gaming,Foxy,32,9426115.0,Dark Rebellion,DR,17,True,2024-10-09 04:18:11
16313,7979740422,9018543.0,Hustlers,HS,21,8936507.0,FenixTeam,FT,20,True,2024-10-09 04:28:14
17233,7979752185,8629317.0,Bright Crusaders,Bc,13,9425660.0,Shadow Avengers,SAS,24,False,2024-10-09 04:50:35
17233,7979757669,8629315.0,Wiser Warriors,WW,45,8629318.0,Mad Monkeys,Mm,38,True,2024-10-09 04:59:21
16313,7979760147,8936507.0,FenixTeam,FT,52,9018543.0,Hustlers,HS,39,True,2024-10-09 05:03:14
17233,7979779424,9425656.0,LSG,LSG,32,8629014.0,Dragon Blood,DB,41,False,2024-10-09 05:39:34
16313,7979787738,9018543.0,Hustlers,HS,33,8936507.0,FenixTeam,FT,35,False,2024-10-09 05:52:00
17233,7979790246,8629318.0,Mad Monkeys,Mm,33,8629315.0,Wiser Warriors,WW,24,True,2024-10-09 05:57:03
17233,7979811401,8629014.0,Dragon Blood,DB,24,9425656.0,LSG,LSG,35,False,2024-10-09 06:33:23
16313,7979812886,9330489.0,ThunderLab,TL,45,8961813.0,SHAOLIN,SHN,23,True,2024-10-09 06:34:28
17233,7979815738,8629315.0,Wiser Warriors,WW,30,8629318.0,Mad Monkeys,Mm,22,True,2024-10-09 06:39:52
15901,7979821466,9383024.0,Prodigy Of God,PoG,44,9467580.0,EYE GAMING,EYE,12,True,2024-10-09 06:49:04
17119,7979825770,8574561.0,Azure Ray,AR,28,8254400.0,beastcoast,bc,39,False,2024-10-09 07:00:12
17233,7979837161,9425656.0,LSG,LSG,17,8629014.0,Dragon Blood,DB,34,False,2024-10-09 07:13:38
16313,7979839073,8961813.0,SHAOLIN,SHN,10,9330489.0,ThunderLab,TL,23,False,2024-10-09 07:15:38
17233,7979840826,9425660.0,Shadow Avengers,SAS,30,8629005.0,Flawless Goblins,Fg,49,False,2024-10-09 07:19:47
15901,7979856372,9487084.0,EYE Gaming,EYE,45,9383024.0,Prodigy Of God,PoG,49,False,2024-10-09 07:41:15
16313,7979863949,8893837.0,Parallel eSports,PeS,45,9330493.0,RuleBreakers,RB,32,True,2024-10-09 07:52:07
17233,7979865365,8629324.0,Swift Knights,Sk,36,9426115.0,Dark Rebellion,DR,13,True,2024-10-09 07:54:58
17233,7979870930,9425660.0,Shadow Avengers,SAS,40,8629005.0,Flawless Goblins,Fg,35,True,2024-10-09 08:02:50
17119,7979879905,8254400.0,beastcoast,bc,34,8574561.0,Azure Ray,AR,26,True,2024-10-09 08:17:00
17111,7979882680,5014799.0,Nemiga Gaming,Nemiga,36,9256405.0,Level UP esports,LevelUP,34,False,2024-10-09 08:19:27
17233,7979890917,9426115.0,Dark Rebellion,DR,38,8629324.0,Swift Knights,Sk,45,False,2024-10-09 08:31:06
16313,7979897291,9330493.0,RuleBreakers,RB,29,8893837.0,Parallel eSports,PeS,39,False,2024-10-09 08:37:38
17233,7979904507,9425660.0,Shadow Avengers,SAS,14,8629005.0,Flawless Goblins,Fg,26,False,2024-10-09 08:47:42
15901,7979915028,9433232.0,Night Foxes,NF,35,9492695.0,Ghost Sheep,,25,True,2024-10-09 09:02:10
17233,7979927687,2443375.0,Foxy gaming,Foxy,24,8629315.0,Wiser Warriors,WW,40,False,2024-10-09 09:18:29
16313,7979935445,9332046.0,Dominatrix,DMX,52,9332059.0,Ninja Bros,N,42,True,2024-10-09 09:27:11
17111,7979948948,5014799.0,Nemiga Gaming,Nemiga,42,9256405.0,Level UP esports,LevelUP,12,True,2024-10-09 09:47:57
17119,7979950674,9351740.0,Invictus Gaming,iG,13,8728920.0,nouns,nouns,35,False,2024-10-09 09:54:38
17233,7979956332,8629315.0,Wiser Warriors,WW,37,2443375.0,Foxy gaming,Foxy,44,False,2024-10-09 09:53:46
15901,7979964365,8831040.0,Ghost Sheep,GS,27,9433231.0,Night foxes,,32,False,2024-10-09 10:02:37
16313,7979979496,9332059.0,Ninja Bros,N,32,9332046.0,Dominatrix,DMX,42,False,2024-10-09 10:20:05
17233,7979994991,2443375.0,Foxy gaming,Foxy,13,8629315.0,Wiser Warriors,WW,31,False,2024-10-09 10:38:29
17111,7979997511,5014799.0,Nemiga Gaming,Nemiga,13,9256405.0,Level UP esports,LevelUP,32,False,2024-10-09 10:42:38
17119,7980019306,8728920.0,nouns,nouns,29,9351740.0,Invictus Gaming,iG,9,True,2024-10-09 11:12:56
15901,7980024212,9433232.0,Night Foxes,NF,29,9504780.0,Rakuzan,Rakuzan,53,False,2024-10-09 11:08:23
17111,7980063599,8838314.0,Matreshka,MT,21,9403748.0,Dragon Esports Club,DEC,31,False,2024-10-09 11:45:47
17119,7980095953,111474.0,Alliance,Alliance,26,8375259.0,Infinity,Infinity,10,True,2024-10-09 12:18:02
15901,7980096999,9504780.0,Rakuzan,Rakuzan,50,9433232.0,Night Foxes,NF,11,True,2024-10-09 12:11:32
17233,7980125887,8629315.0,Wiser Warriors,WW,14,8629317.0,Bright Crusaders,Bc,20,False,2024-10-09 12:57:23
17111,7980151267,9403748.0,Dragon Esports Club,DEC,48,8838314.0,Matreshka,MT,41,True,2024-10-09 12:54:21
15901,7980176138,9518076.0,Elite Eclipse,EE,31,9504550.0,Prodigy of God,POG,16,True,2024-10-09 13:09:52
17119,7980205862,111474.0,Alliance,Alliance,15,8375259.0,Infinity,Infinity,29,False,2024-10-09 13:34:49
17233,7980208155,8629317.0,Bright Crusaders,Bc,45,8629315.0,Wiser Warriors,WW,29,True,2024-10-09 13:31:15
17111,7980272107,9449748.0,DMS,DMS,11,9420570.0,Quantum,QTM,38,False,2024-10-09 14:14:44
17233,7980277756,9425660.0,Shadow Avengers,SAS,27,8629005.0,Flawless Goblins,Fg,37,False,2024-10-09 14:14:37
15901,7980297373,9563849.0,Prodigy of God,pog,39,9518076.0,Elite Eclipse,EE,27,True,2024-10-09 14:26:34
17119,7980310157,111474.0,Alliance,Alliance,19,8375259.0,Infinity,Infinity,34,False,2024-10-09 14:42:07
17233,7980342511,8629005.0,Flawless Goblins,Fg,38,9425660.0,Shadow Avengers,SAS,23,True,2024-10-09 14:56:18
17111,7980410922,9449748.0,DMS,DMS,41,9420570.0,Quantum,QTM,30,True,2024-10-09 15:41:09
17233,7980414607,2443375.0,Foxy gaming,Foxy,33,9426115.0,Dark Rebellion,DR,19,True,2024-10-09 15:43:07
15901,7980430613,9518076.0,Elite Eclipse,EE,44,9563849.0,Prodigy of God,pog,18,True,2024-10-09 15:52:04
17233,7980467656,9426115.0,Dark Rebellion,DR,31,2443375.0,Foxy gaming,Foxy,13,True,2024-10-09 16:17:40
17111,7980511789,9449748.0,DMS,DMS,38,9420570.0,Quantum,QTM,14,True,2024-10-09 16:48:19
17233,7980519998,2443375.0,Foxy gaming,Foxy,35,9426115.0,Dark Rebellion,DR,27,True,2024-10-09 16:52:28
15901,7980533072,9395679.0,Shinigami Gaming,Shinigami,38,9530716.0,Air Defence,AD,4,True,2024-10-09 17:00:55
15901,7980582995,9530716.0,Air Defence,AD,41,9395679.0,Shinigami Gaming,Shinigami,64,False,2024-10-09 17:35:09
17111,7980600915,9247798.0,Passion UA,PassionUA,37,9389234.0,Bushido,Bushido,17,True,2024-10-09 17:50:10
15901,7980681799,9518076.0,Elite Eclipse,EE,52,9545682.0,Dominion,Dominion,26,True,2024-10-09 18:46:20
17111,7980686930,9389234.0,Bushido,Bushido,18,9247798.0,Passion UA,PassionUA,37,False,2024-10-09 18:51:48
16635,7980700636,8987220.0,HolyTeam,HT,38,8849817.0,ZEUS THUNDER GOD,ZTG,34,True,2024-10-09 19:02:54
15901,7980758073,9545682.0,Dominion,Dominion,25,9563020.0,Elite Eclipse,,59,False,2024-10-09 19:44:30
16635,7980766767,8849817.0,ZEUS THUNDER GOD,ZTG,7,8987220.0,HolyTeam,HT,21,False,2024-10-09 19:52:16
16635,7980813641,8849837.0,FALL VICTIMS,FV,27,8957156.0,Silent killer,sK,21,True,2024-10-09 20:36:13
16635,7980852412,8957156.0,Silent killer,sK,34,8849837.0,FALL VICTIMS,FV,36,False,2024-10-09 21:19:02
16635,7980888473,8970060.0,Moonwalkers,MW,34,8850016.0,FLYING FORTUNE,Ff,29,True,2024-10-09 22:08:52
16635,7980915030,8850016.0,FLYING FORTUNE,Ff,28,8970060.0,Moonwalkers,MW,39,False,2024-10-09 22:56:27
16635,7980943882,8849833.0,VERTEX PACK,vP,29,8850100.0,TOXIC TEAM,Tt,36,False,2024-10-09 23:50:20
16635,7980964230,8850100.0,TOXIC TEAM,Tt,15,8849833.0,VERTEX PACK,vP,31,False,2024-10-10 00:31:25
16635,7980981466,8849833.0,VERTEX PACK,vP,38,8850100.0,TOXIC TEAM,Tt,50,False,2024-10-10 01:07:14
16933,7981046520,9538624.0,Soymilk,,29,8911139.0,Manta Esports,MANTA,10,True,2024-10-10 03:26:44
17233,7981048822,9426115.0,Dark Rebellion,DR,35,8629014.0,Dragon Blood,DB,45,False,2024-10-10 03:12:46
17233,7981077226,8629324.0,Swift Knights,Sk,13,8629318.0,Mad Monkeys,Mm,30,False,2024-10-10 04:07:26
16313,7981079352,8864178.0,Marvelous Warriors,MW,30,8961813.0,SHAOLIN,SHN,23,True,2024-10-10 04:07:26
17233,7981079975,8629014.0,Dragon Blood,DB,26,9426115.0,Dark Rebellion,DR,15,True,2024-10-10 04:09:42
16933,7981096239,8911139.0,Manta Esports,MANTA,40,9538624.0,Soymilk,,15,True,2024-10-10 04:37:13
16313,7981100104,8961813.0,SHAOLIN,SHN,41,8864178.0,Marvelous Warriors,MW,26,True,2024-10-10 04:43:53
17233,7981100762,8629318.0,Mad Monkeys,Mm,28,8629324.0,Swift Knights,Sk,38,False,2024-10-10 04:46:05
17233,7981106347,8629315.0,Wiser Warriors,WW,14,2443375.0,Foxy gaming,Foxy,38,False,2024-10-10 04:55:27
16933,7981126312,9538624.0,Soymilk,,18,8911139.0,Manta Esports,MANTA,35,False,2024-10-10 05:33:15
16313,7981127534,8864178.0,Marvelous Warriors,MW,23,8961813.0,SHAOLIN,SHN,34,False,2024-10-10 05:31:37
17233,7981128536,2443375.0,Foxy gaming,Foxy,46,8629315.0,Wiser Warriors,WW,28,True,2024-10-10 05:33:45
17233,7981129204,8629324.0,Swift Knights,Sk,35,8629318.0,Mad Monkeys,Mm,37,False,2024-10-10 05:37:11
16313,7981155904,9332059.0,Ninja Bros,N,27,9332069.0,Mister Maniacs,MM,39,False,2024-10-10 06:19:17
17233,7981162748,9425656.0,LSG,LSG,17,8629005.0,Flawless Goblins,Fg,36,False,2024-10-10 06:30:59
17233,7981163302,9425660.0,Shadow Avengers,SAS,36,8629318.0,Mad Monkeys,Mm,27,True,2024-10-10 06:31:46
16933,7981170864,7976226.0,Hunghung and friend,VIE,17,9547653.0,,,38,False,2024-10-10 06:49:23
15901,7981174288,9461271.0,Elite Eclipse,EE,44,8965054.0,EYE-Gaming,EYE,25,True,2024-10-10 06:49:09
16313,7981181719,9332069.0,Mister Maniacs,MM,24,9332059.0,Ninja Bros,N,31,False,2024-10-10 07:00:18
17233,7981184813,8629005.0,Flawless Goblins,Fg,13,9425656.0,LSG,LSG,44,False,2024-10-10 07:05:58
17119,7981185211,8291895.0,Tundra Esports,Tundra,23,36.0,Natus Vincere,NAVI,12,True,2024-10-10 07:08:16
17233,7981196823,8629318.0,Mad Monkeys,Mm,41,9425660.0,Shadow Avengers,SAS,23,True,2024-10-10 07:23:22
17233,7981212389,9425656.0,LSG,LSG,45,8629005.0,Flawless Goblins,Fg,27,True,2024-10-10 07:47:20
15901,7981214159,9467580.0,EYE GAMING,EYE,18,9482816.0,Elite Eclipse,,39,False,2024-10-10 07:48:13
17119,7981220550,8291895.0,Tundra Esports,Tundra,39,36.0,Natus Vincere,NAVI,15,True,2024-10-10 08:07:23
16313,7981223421,9332059.0,Ninja Bros,N,19,9332069.0,Mister Maniacs,MM,37,False,2024-10-10 08:01:17
17233,7981226191,9425660.0,Shadow Avengers,SAS,27,8629318.0,Mad Monkeys,Mm,43,False,2024-10-10 08:06:04
16933,7981226220,7976226.0,Hunghung and friend,VIE,6,9547653.0,,,33,False,2024-10-10 08:05:09
16313,7981254054,9330492.0,Iconic,ICo,21,9330485.0,BulletProofs,BP,33,False,2024-10-10 08:42:17
17233,7981255714,9426115.0,Dark Rebellion,DR,50,8629317.0,Bright Crusaders,Bc,31,True,2024-10-10 08:47:44
15901,7981260219,8957652.0,KIBA ARMS,KIBA,11,9492695.0,Ghost Sheep,,34,False,2024-10-10 08:50:45
17119,7981268223,8375259.0,Infinity,Infinity,23,9303484.0,HEROIC,Heroic,48,False,2024-10-10 09:10:00
16313,7981289539,9330485.0,BulletProofs,BP,54,9330492.0,Iconic,ICo,31,True,2024-10-10 09:27:49
17233,7981292235,8629317.0,Bright Crusaders,Bc,29,9426115.0,Dark Rebellion,DR,62,False,2024-10-10 09:32:13
15901,7981293001,8957652.0,KIBA ARMS,KIBA,41,8831040.0,Ghost Sheep,GS,28,True,2024-10-10 09:32:12
16933,7981300800,9537989.0,nocylinder,NOC,24,9554522.0,Dominator Esports,DMT,26,False,2024-10-10 09:46:41
17233,7981328645,8629014.0,Dragon Blood,DB,18,8629315.0,Wiser Warriors,WW,31,False,2024-10-10 10:16:36
16313,7981328997,9018528.0,Crew X,CrX,30,8936507.0,FenixTeam,FT,23,True,2024-10-10 10:15:22
15901,7981330272,8957652.0,KIBA ARMS,KIBA,27,9492695.0,Ghost Sheep,,42,False,2024-10-10 10:17:38
17119,7981341947,9303484.0,HEROIC,Heroic,24,8375259.0,Infinity,Infinity,7,True,2024-10-10 10:29:42
16313,7981360114,8936507.0,FenixTeam,FT,41,9018528.0,Crew X,CrX,24,True,2024-10-10 10:48:40
16933,7981365852,9554522.0,Dominator Esports,DMT,40,9537989.0,nocylinder,NOC,20,True,2024-10-10 10:54:36
17233,7981367623,8629315.0,Wiser Warriors,WW,52,8629014.0,Dragon Blood,DB,26,True,2024-10-10 10:57:48
17111,7981373196,9530947.0,Palianytsia,PLNTS,50,9389234.0,Bushido,Bushido,34,True,2024-10-10 11:03:02
17119,7981398073,8254400.0,beastcoast,bc,21,9247354.0,Team Falcons,FLCN,32,False,2024-10-10 11:36:42
16313,7981405108,9018528.0,Crew X,CrX,54,8936507.0,FenixTeam,FT,44,True,2024-10-10 11:31:57
15901,7981413977,9564074.0,Demigods,DG,44,9564076.0,Kiba arms,kiba,9,True,2024-10-10 11:39:47
16933,7981438445,9546483.0,,,42,9538207.0,Myth Avenue Gaming,MAG,25,True,2024-10-10 12:02:26
17233,7981438869,8629005.0,Flawless Goblins,Fg,18,9426115.0,Dark Rebellion,DR,24,False,2024-10-10 12:02:08
15901,7981465456,9564074.0,Demigods,DG,42,9564076.0,Kiba arms,kiba,10,True,2024-10-10 12:22:39
17111,7981474518,9389234.0,Bushido,Bushido,46,9530947.0,Palianytsia,PLNTS,30,True,2024-10-10 12:29:50
17233,7981487563,9426115.0,Dark Rebellion,DR,17,8629005.0,Flawless Goblins,Fg,28,False,2024-10-10 12:40:11
17119,7981523234,9247354.0,Team Falcons,FLCN,23,8254400.0,beastcoast,bc,52,False,2024-10-10 13:09:24
16933,7981534099,9538207.0,Myth Avenue Gaming,MAG,19,9564046.0,CSC,Kryfans,41,False,2024-10-10 13:12:28
15901,7981534205,9477543.0,Dominion,DOM,29,9344732.0,Elite Eclipse,,43,False,2024-10-10 13:14:18
17233,7981539135,8629005.0,Flawless Goblins,Fg,15,9426115.0,Dark Rebellion,DR,32,False,2024-10-10 13:18:46
17111,7981568753,9530947.0,Palianytsia,PLNTS,59,9389234.0,Bushido,Bushido,45,False,2024-10-10 13:37:29
17233,7981607273,9425656.0,LSG,LSG,21,8629317.0,Bright Crusaders,Bc,44,False,2024-10-10 14:01:08
15901,7981631307,9344732.0,Elite Eclipse,,39,9477543.0,Dominion,DOM,24,True,2024-10-10 14:15:34
17119,7981664422,9247354.0,Team Falcons,FLCN,35,8254400.0,beastcoast,bc,15,True,2024-10-10 14:36:11
17233,7981677488,8629317.0,Bright Crusaders,Bc,23,9425656.0,LSG,LSG,16,True,2024-10-10 14:45:46
17111,7981705664,9449748.0,DMS,DMS,28,8376696.0,One Move,Move,25,True,2024-10-10 15:03:31
15901,7981731853,9492830.0,Prodigy of god,POG,29,8965054.0,EYE-Gaming,EYE,21,True,2024-10-10 15:30:13
17233,7981740606,8629014.0,Dragon Blood,DB,27,2443375.0,Foxy gaming,Foxy,29,False,2024-10-10 15:24:53
17119,7981790118,9498970.0,AVULUS,AVULUS,11,8728920.0,nouns,nouns,5,True,2024-10-10 16:05:29
17233,7981801871,2443375.0,Foxy gaming,Foxy,26,8629014.0,Dragon Blood,DB,36,False,2024-10-10 16:04:42
15901,7981830116,8965054.0,EYE-Gaming,EYE,39,9492830.0,Prodigy of god,POG,24,True,2024-10-10 16:22:52
17111,7981833201,8376696.0,One Move,Move,17,9449748.0,DMS,DMS,34,False,2024-10-10 16:26:12
17233,7981857186,8629014.0,Dragon Blood,DB,38,2443375.0,Foxy gaming,Foxy,20,True,2024-10-10 16:41:33
17170,7981882282,9564220.0,НАЙ-СЛАБИТЕ ЕООД,НС,23,7764334.0,TEAM.JeBait,JB,47,False,2024-10-10 16:57:51
17119,7981891602,8728920.0,nouns,nouns,24,9498970.0,AVULUS,AVULUS,12,True,2024-10-10 17:08:16
15901,7981906608,9492830.0,Prodigy of god,POG,57,8965054.0,EYE-Gaming,EYE,58,True,2024-10-10 17:17:07
17111,7981927644,9403748.0,Dragon Esports Club,DEC,24,9420570.0,Quantum,QTM,11,True,2024-10-10 17:29:56
17119,7981997041,8728920.0,nouns,nouns,36,9498970.0,AVULUS,AVULUS,18,True,2024-10-10 18:21:02
17170,7982013302,8755805.0,Griefindor.Bastards,G.B.,9,9564256.0,Лепреконите,Bokluci,38,False,2024-10-10 18:27:14
17111,7982021711,9420570.0,Quantum,QTM,69,9403748.0,Dragon Esports Club,DEC,52,True,2024-10-10 18:32:45
15901,7982033311,9482420.0,EYE Gaming,EYE,48,9564280.0,Dominion,Dominion,26,True,2024-10-10 18:41:06
16635,7982060432,8987220.0,HolyTeam,HT,32,8849837.0,FALL VICTIMS,FV,20,True,2024-10-10 19:01:45
15901,7982117194,9564280.0,Dominion,Dominion,45,9482420.0,EYE Gaming,EYE,69,True,2024-10-10 19:43:48
16635,7982122796,8849837.0,FALL VICTIMS,FV,31,8987220.0,HolyTeam,HT,14,True,2024-10-10 19:49:37
16635,7982165405,8987220.0,HolyTeam,HT,37,8849837.0,FALL VICTIMS,FV,18,True,2024-10-10 20:26:55
17111,7982189308,9420570.0,Quantum,QTM,11,9403748.0,Dragon Esports Club,DEC,35,False,2024-10-10 20:50:23
15901,7982192655,9482420.0,EYE Gaming,EYE,46,9564280.0,Dominion,Dominion,56,False,2024-10-10 20:54:15
16635,7982214697,8849833.0,VERTEX PACK,vP,26,8850016.0,FLYING FORTUNE,Ff,35,False,2024-10-10 21:18:39
16635,7982249615,8850016.0,FLYING FORTUNE,Ff,44,8849833.0,VERTEX PACK,vP,40,True,2024-10-10 22:05:57
17064,7982285784,9537903.0,Mystic Maidens,MM,28,8986802.0,Maycam Evolve,EV.,17,True,2024-10-10 23:10:59
16635,7982287976,8970060.0,Moonwalkers,MW,42,8957156.0,Silent killer,sK,51,False,2024-10-10 23:05:27
16635,7982319662,8957156.0,Silent killer,sK,29,8970060.0,Moonwalkers,MW,22,True,2024-10-11 00:03:55
17064,7982330719,9537903.0,Mystic Maidens,MM,35,8986802.0,Maycam Evolve,EV.,40,False,2024-10-11 00:24:08
16635,7982343113,8850100.0,TOXIC TEAM,Tt,16,8849817.0,ZEUS THUNDER GOD,ZTG,32,False,2024-10-11 00:51:42
16635,7982368637,8849817.0,ZEUS THUNDER GOD,ZTG,14,8850100.0,TOXIC TEAM,Tt,29,False,2024-10-11 01:39:06
17064,7982374178,9537903.0,Mystic Maidens,MM,12,8986802.0,Maycam Evolve,EV.,44,False,2024-10-11 02:06:06
16635,7982389758,8850100.0,TOXIC TEAM,Tt,14,8849817.0,ZEUS THUNDER GOD,ZTG,33,False,2024-10-11 02:19:33
17233,7982422715,8629014.0,Dragon Blood,DB,11,8629324.0,Swift Knights,Sk,24,False,2024-10-11 03:14:22
16933,7982422926,7976226.0,Hunghung and friend,VIE,38,9538624.0,Soymilk,,8,True,2024-10-11 03:27:52
17233,7982449932,8629324.0,Swift Knights,Sk,9,8629014.0,Dragon Blood,DB,23,False,2024-10-11 04:02:10
16313,7982451009,8893825.0,Lucky Bulldogs,LB,21,9332046.0,Dominatrix,DMX,44,False,2024-10-11 04:03:26
17233,7982452562,8629317.0,Bright Crusaders,Bc,22,8629318.0,Mad Monkeys,Mm,32,False,2024-10-11 04:09:26
16933,7982463667,9538624.0,Soymilk,,13,7976226.0,Hunghung and friend,VIE,46,False,2024-10-11 04:25:03
17233,7982471731,8629014.0,Dragon Blood,DB,24,8629324.0,Swift Knights,Sk,29,True,2024-10-11 04:39:38
16313,7982474637,9332046.0,Dominatrix,DMX,31,8893825.0,Lucky Bulldogs,LB,26,True,2024-10-11 04:43:59
17233,7982482238,8629318.0,Mad Monkeys,Mm,30,8629317.0,Bright Crusaders,Bc,19,True,2024-10-11 04:58:40
17233,7982494830,9425656.0,LSG,LSG,43,2443375.0,Foxy gaming,Foxy,30,True,2024-10-11 05:19:25
16933,7982505223,9537989.0,nocylinder,NOC,23,9538207.0,Myth Avenue Gaming,MAG,41,False,2024-10-11 05:36:14
16313,7982506277,9018543.0,Hustlers,HS,32,9330493.0,RuleBreakers,RB,40,False,2024-10-11 05:37:59
17233,7982509971,9426115.0,Dark Rebellion,DR,26,8629315.0,Wiser Warriors,WW,33,False,2024-10-11 05:50:08
17233,7982521163,2443375.0,Foxy gaming,Foxy,29,9425656.0,LSG,LSG,40,False,2024-10-11 06:03:25
16313,7982533590,9330493.0,RuleBreakers,RB,29,9018543.0,Hustlers,HS,17,True,2024-10-11 06:22:55
17233,7982539596,8629315.0,Wiser Warriors,WW,33,9426115.0,Dark Rebellion,DR,17,True,2024-10-11 06:34:40
16933,7982544869,9538207.0,Myth Avenue Gaming,MAG,39,9537989.0,nocylinder,NOC,24,True,2024-10-11 06:40:28
17119,7982554414,36.0,Natus Vincere,NAVI,29,8375259.0,Infinity,Infinity,44,False,2024-10-11 07:00:00
15901,7982554828,9505264.0,Elite Eclipse,EE,20,9492864.0,Prodigy of God,POG,25,False,2024-10-11 06:56:07
17233,7982555412,8629318.0,Mad Monkeys,Mm,14,9425660.0,Shadow Avengers,SAS,39,False,2024-10-11 06:57:21
16313,7982559072,9330489.0,ThunderLab,TL,34,9332084.0,Lighting Legends,LL,21,True,2024-10-11 07:02:07
17233,7982567758,8629014.0,Dragon Blood,DB,27,8629005.0,Flawless Goblins,Fg,42,False,2024-10-11 07:15:11
16313,7982584740,9332084.0,Lighting Legends,LL,28,9330489.0,ThunderLab,TL,25,True,2024-10-11 07:38:08
17233,7982584821,9425660.0,Shadow Avengers,SAS,46,8629318.0,Mad Monkeys,Mm,29,True,2024-10-11 07:38:29
16933,7982595632,8911139.0,Manta Esports,MANTA,33,9547653.0,,,16,True,2024-10-11 08:00:32
15901,7982601448,9492864.0,Prodigy of God,POG,31,9505264.0,Elite Eclipse,EE,15,True,2024-10-11 08:00:34
17111,7982606808,9449748.0,DMS,DMS,29,9403748.0,Dragon Esports Club,DEC,35,True,2024-10-11 08:09:36
17233,7982607735,8629005.0,Flawless Goblins,Fg,36,8629014.0,Dragon Blood,DB,56,False,2024-10-11 08:11:37
16313,7982614675,9330489.0,ThunderLab,TL,29,9332084.0,Lighting Legends,LL,21,True,2024-10-11 08:17:45
17119,7982619181,8375259.0,Infinity,Infinity,7,36.0,Natus Vincere,NAVI,20,False,2024-10-11 08:28:45
17184,7982630626,9546798.0,TEAM TEWOOP,TT,28,9554242.0,Play for Fun,P4F,36,False,2024-10-11 08:39:18
17233,7982648839,8629014.0,Dragon Blood,DB,13,8629005.0,Flawless Goblins,Fg,40,False,2024-10-11 09:01:09
17184,7982651197,9554170.0,Unknown Gaming,UKG,59,9530413.0,LettuceWin,LetUsWin,31,True,2024-10-11 09:04:14
15901,7982652823,9481964.0,Elite Eclipse,EE,43,9487084.0,EYE Gaming,EYE,28,True,2024-10-11 09:22:43
16313,7982657561,8893837.0,Parallel eSports,PeS,27,8893840.0,Big Bang Gaming,BB,43,False,2024-10-11 09:11:03
16933,7982661363,9547653.0,,,29,8911139.0,Manta Esports,MANTA,17,True,2024-10-11 09:15:23
17119,7982662818,8375259.0,Infinity,Infinity,1,36.0,Natus Vincere,NAVI,25,False,2024-10-11 09:22:48
17111,7982665967,9403748.0,Dragon Esports Club,DEC,17,9449748.0,DMS,DMS,34,False,2024-10-11 09:22:20
17184,7982675040,9546798.0,TEAM TEWOOP,TT,27,9554242.0,Play for Fun,P4F,39,False,2024-10-11 09:31:41
17233,7982684656,8629324.0,Swift Knights,Sk,26,2443375.0,Foxy gaming,Foxy,44,False,2024-10-11 09:43:57
16313,7982688473,8893840.0,Big Bang Gaming,BB,17,8893837.0,Parallel eSports,PeS,35,False,2024-10-11 09:47:19
17184,7982701339,9554170.0,Unknown Gaming,UKG,46,9530413.0,LettuceWin,LetUsWin,39,True,2024-10-11 10:02:52
17119,7982708667,8254400.0,beastcoast,bc,13,9498970.0,AVULUS,AVULUS,26,False,2024-10-11 10:19:24
16933,7982717486,9547653.0,,,31,8911139.0,Manta Esports,MANTA,7,True,2024-10-11 10:25:48
16313,7982718337,8893837.0,Parallel eSports,PeS,44,8893840.0,Big Bang Gaming,BB,43,False,2024-10-11 10:20:23
15901,7982718506,9487084.0,EYE Gaming,EYE,54,9344732.0,Elite Eclipse,,21,True,2024-10-11 10:20:34
17233,7982725766,2443375.0,Foxy gaming,Foxy,37,8629324.0,Swift Knights,Sk,9,True,2024-10-11 10:29:13
15901,7982731023,9564076.0,Kiba arms,kiba,14,9504780.0,Rakuzan,Rakuzan,33,False,2024-10-11 10:45:21
17111,7982758768,9247798.0,Passion UA,PassionUA,26,9530947.0,Palianytsia,PLNTS,9,True,2024-10-11 11:02:11
15901,7982760217,9481964.0,Elite Eclipse,EE,24,9487084.0,EYE Gaming,EYE,51,False,2024-10-11 11:02:33
16933,7982778169,9564046.0,CSC,Kryfans,23,9554522.0,Dominator Esports,DMT,12,True,2024-10-11 11:30:37
17119,7982787349,9498970.0,AVULUS,AVULUS,20,8254400.0,beastcoast,bc,38,False,2024-10-11 11:29:33
15901,7982797137,9504780.0,Rakuzan,Rakuzan,38,8957652.0,KIBA ARMS,KIBA,26,True,2024-10-11 11:35:02
17233,7982824326,8629317.0,Bright Crusaders,Bc,31,9426115.0,Dark Rebellion,DR,30,True,2024-10-11 12:02:32
17111,7982831122,9530947.0,Palianytsia,PLNTS,28,9247798.0,Passion UA,PassionUA,13,True,2024-10-11 12:03:26
15901,7982831390,9395679.0,Shinigami Gaming,Shinigami,39,9477543.0,Dominion,DOM,50,False,2024-10-11 12:03:43
17119,7982874526,9498970.0,AVULUS,AVULUS,9,8254400.0,beastcoast,bc,33,False,2024-10-11 12:40:24
16933,7982876379,9554522.0,Dominator Esports,DMT,27,9564046.0,CSC,Kryfans,19,True,2024-10-11 12:36:27
17233,7982880097,9426115.0,Dark Rebellion,DR,19,8629317.0,Bright Crusaders,Bc,35,False,2024-10-11 12:39:46
15901,7982937551,9504780.0,Rakuzan,Rakuzan,29,8831040.0,Ghost Sheep,GS,36,False,2024-10-11 13:18:00
17233,7982941203,8629005.0,Flawless Goblins,Fg,28,9425656.0,LSG,LSG,19,True,2024-10-11 13:20:08
15901,7982955544,9477543.0,Dominion,DOM,53,9395679.0,Shinigami Gaming,Shinigami,37,True,2024-10-11 13:28:37
17111,7982969230,9530947.0,Palianytsia,PLNTS,37,9247798.0,Passion UA,PassionUA,23,True,2024-10-11 13:37:04
17119,7982969675,9303484.0,HEROIC,Heroic,24,8291895.0,Tundra Esports,Tundra,41,False,2024-10-11 13:50:57
16933,7982978105,9564046.0,CSC,Kryfans,35,9554522.0,Dominator Esports,DMT,10,True,2024-10-11 13:43:40
17233,7983001286,9425656.0,LSG,LSG,47,8629005.0,Flawless Goblins,Fg,39,True,2024-10-11 13:57:24
15901,7983018610,8831040.0,Ghost Sheep,GS,34,9504780.0,Rakuzan,Rakuzan,23,True,2024-10-11 14:06:40
17233,7983073557,8629005.0,Flawless Goblins,Fg,8,9425656.0,LSG,LSG,32,False,2024-10-11 14:40:27
17111,7983074520,8376696.0,One Move,Move,33,9420570.0,Quantum,QTM,34,False,2024-10-11 14:41:08
15901,7983081046,9461271.0,Elite Eclipse,EE,23,9477543.0,Dominion,DOM,41,False,2024-10-11 14:44:21
17119,7983098966,8291895.0,Tundra Esports,Tundra,17,9303484.0,HEROIC,Heroic,27,False,2024-10-11 15:01:53
17233,7983130779,2443375.0,Foxy gaming,Foxy,24,9425660.0,Shadow Avengers,SAS,26,False,2024-10-11 15:14:03
15901,7983179167,9477543.0,Dominion,DOM,38,9461271.0,Elite Eclipse,EE,40,True,2024-10-11 15:42:29
17233,7983189037,9425660.0,Shadow Avengers,SAS,34,2443375.0,Foxy gaming,Foxy,26,True,2024-10-11 15:49:49
17119,7983208637,9303484.0,HEROIC,Heroic,26,8291895.0,Tundra Esports,Tundra,17,True,2024-10-11 16:06:06
17111,7983251946,9420570.0,Quantum,QTM,15,8376696.0,One Move,Move,38,False,2024-10-11 16:28:10
15901,7983252410,8831040.0,Ghost Sheep,GS,46,9225431.0,TEIKO,,28,True,2024-10-11 16:41:11
17119,7983320808,9247354.0,Team Falcons,FLCN,23,8728920.0,nouns,nouns,8,True,2024-10-11 17:19:30
17170,7983326942,9548345.0,Mrusni Pari Chisti Ruce,cvetence,37,2491043.0,OCHO INSTINSKATA SILA!,OCHO!,32,True,2024-10-11 17:15:07
17111,7983349569,9420570.0,Quantum,QTM,42,8376696.0,One Move,Move,17,True,2024-10-11 17:29:55
15901,7983360474,9225431.0,TEIKO,,58,8831040.0,Ghost Sheep,GS,29,True,2024-10-11 17:36:30
17119,7983419849,8728920.0,nouns,nouns,26,9247354.0,Team Falcons,FLCN,42,False,2024-10-11 18:20:41
17170,7983444790,9564539.0,България на три морета,,10,9564546.0,Безръките 3,,28,False,2024-10-11 18:33:51
15901,7983446537,9225431.0,TEIKO,,42,8831040.0,Ghost Sheep,GS,50,False,2024-10-11 18:36:40
17111,7983462577,5014799.0,Nemiga Gaming,Nemiga,21,9389234.0,Bushido,Bushido,23,True,2024-10-11 18:44:44
16635,7983490398,8849817.0,ZEUS THUNDER GOD,ZTG,31,8849833.0,VERTEX PACK,vP,30,True,2024-10-11 19:02:29
15901,7983544820,9545354.0,Shinigami Gaming ,SG,21,9482420.0,EYE Gaming,EYE,42,False,2024-10-11 19:40:49
17111,7983548982,9389234.0,Bushido,Bushido,46,5014799.0,Nemiga Gaming,Nemiga,21,True,2024-10-11 19:45:32
16635,7983596895,8849833.0,VERTEX PACK,vP,18,8849817.0,ZEUS THUNDER GOD,ZTG,32,False,2024-10-11 20:19:25
15901,7983624737,9482420.0,EYE Gaming,EYE,17,9545354.0,Shinigami Gaming ,SG,47,False,2024-10-11 20:41:11
16635,7983657431,8849837.0,FALL VICTIMS,FV,30,8850100.0,TOXIC TEAM,Tt,15,True,2024-10-11 21:09:58
16635,7983720979,8850100.0,TOXIC TEAM,Tt,34,8849837.0,FALL VICTIMS,FV,33,True,2024-10-11 22:18:15
16635,7983752613,8849837.0,FALL VICTIMS,FV,15,8850100.0,TOXIC TEAM,Tt,29,False,2024-10-11 23:02:28
16635,7983788708,8987220.0,HolyTeam,HT,46,8970060.0,Moonwalkers,MW,36,True,2024-10-12 00:01:09
16635,7983820944,8970060.0,Moonwalkers,MW,34,8987220.0,HolyTeam,HT,14,True,2024-10-12 00:57:59
16635,7983846076,8987220.0,HolyTeam,HT,21,8970060.0,Moonwalkers,MW,16,True,2024-10-12 01:44:15
16635,7983873608,8957156.0,Silent killer,sK,23,8850016.0,FLYING FORTUNE,Ff,8,True,2024-10-12 02:32:55
16635,7983892827,8850016.0,FLYING FORTUNE,Ff,17,8957156.0,Silent killer,sK,43,False,2024-10-12 03:03:27
17233,7983901516,8629315.0,Wiser Warriors,WW,15,8629318.0,Mad Monkeys,Mm,23,False,2024-10-12 03:18:23
16933,7983913673,9538207.0,Myth Avenue Gaming,MAG,17,8911139.0,Manta Esports,MANTA,37,False,2024-10-12 03:36:34
17233,7983937258,8629318.0,Mad Monkeys,Mm,21,8629315.0,Wiser Warriors,WW,42,False,2024-10-12 04:12:29
16933,7983952316,9538207.0,Myth Avenue Gaming,MAG,27,8911139.0,Manta Esports,MANTA,18,True,2024-10-12 04:33:51
17233,7983966932,8629315.0,Wiser Warriors,WW,30,8629318.0,Mad Monkeys,Mm,30,False,2024-10-12 04:55:39
16933,7983983120,9538207.0,Myth Avenue Gaming,MAG,31,8911139.0,Manta Esports,MANTA,26,True,2024-10-12 05:22:10
17233,7984003710,8629005.0,Flawless Goblins,Fg,39,2443375.0,Foxy gaming,Foxy,27,True,2024-10-12 05:47:40
17233,7984037160,2443375.0,Foxy gaming,Foxy,38,8629005.0,Flawless Goblins,Fg,30,True,2024-10-12 06:31:13
16933,7984037572,7976226.0,Hunghung and friend,VIE,10,9554522.0,Dominator Esports,DMT,18,False,2024-10-12 06:35:47
15901,7984045441,9504550.0,Prodigy of God,POG,15,9518076.0,Elite Eclipse,EE,54,False,2024-10-12 06:40:52
17119,7984069935,8291895.0,Tundra Esports,Tundra,10,8254400.0,beastcoast,bc,27,False,2024-10-12 07:10:09
17233,7984074571,8629005.0,Flawless Goblins,Fg,12,2443375.0,Foxy gaming,Foxy,31,False,2024-10-12 07:15:45
15901,7984093867,9518076.0,Elite Eclipse,EE,38,9504550.0,Prodigy of God,POG,48,False,2024-10-12 07:36:35
16933,7984095909,7976226.0,Hunghung and friend,VIE,27,9554522.0,Dominator Esports,DMT,16,True,2024-10-12 07:38:49
17233,7984109943,8629317.0,Bright Crusaders,Bc,14,8629324.0,Swift Knights,Sk,43,False,2024-10-12 07:54:19
17119,7984117984,8291895.0,Tundra Esports,Tundra,23,8254400.0,beastcoast,bc,38,True,2024-10-12 08:10:13
17184,7984118680,9530413.0,LettuceWin,LetUsWin,16,9546850.0,SMALL CAMP,SMLC,41,False,2024-10-12 08:03:36
17111,7984119363,8376696.0,One Move,Move,13,9403748.0,Dragon Esports Club,DEC,38,False,2024-10-12 08:04:12
17233,7984146649,8629324.0,Swift Knights,Sk,35,8629317.0,Bright Crusaders,Bc,17,True,2024-10-12 08:31:01
15901,7984152781,9518076.0,Elite Eclipse,EE,43,9504550.0,Prodigy of God,POG,23,True,2024-10-12 08:37:17
16933,7984162151,7976226.0,Hunghung and friend,VIE,31,9554522.0,Dominator Esports,DMT,12,True,2024-10-12 08:47:15
17184,7984181474,9546850.0,SMALL CAMP,SMLC,28,9530413.0,LettuceWin,LetUsWin,20,True,2024-10-12 09:04:34
17111,7984184056,9403748.0,Dragon Esports Club,DEC,31,8376696.0,One Move,Move,23,True,2024-10-12 09:07:48
17119,7984189875,8291895.0,Tundra Esports,Tundra,31,8254400.0,beastcoast,bc,17,True,2024-10-12 09:18:14
16933,7984221500,9564046.0,CSC,Kryfans,30,9547653.0,,,35,False,2024-10-12 10:05:11
15901,7984228387,9564441.0,Eye Gaming,Eye,57,9492941.0,Shinigami Gaming,,50,False,2024-10-12 09:47:56
17119,7984260412,8728920.0,nouns,nouns,15,36.0,Natus Vincere,NAVI,35,False,2024-10-12 10:24:04
15901,7984314460,9492941.0,Shinigami Gaming,,28,9088071.0,EYE Gaming,EYE,19,True,2024-10-12 11:00:43
17119,7984349828,36.0,Natus Vincere,NAVI,36,8728920.0,nouns,nouns,11,True,2024-10-12 11:30:40
16933,7984368326,9564046.0,CSC,Kryfans,35,9547653.0,,,39,True,2024-10-12 11:41:12
17170,7984408560,9565291.0,,,7,8691685.0,Looney Tunes,LTT,53,False,2024-10-12 12:09:33
15901,7984421178,9088071.0,EYE Gaming,EYE,50,9492830.0,Prodigy of god,POG,41,True,2024-10-12 12:17:44
15901,7984461083,9504780.0,Rakuzan,Rakuzan,22,8831040.0,Ghost Sheep,GS,51,False,2024-10-12 12:52:09
17119,7984472803,9303484.0,HEROIC,Heroic,19,9247354.0,Team Falcons,FLCN,46,False,2024-10-12 12:50:09
16933,7984493115,9564046.0,CSC,Kryfans,31,9547653.0,,,32,True,2024-10-12 13:06:08
17170,7984515308,2671941.0,PWN SHOP,PWN,37,9555269.0,Old Guns,OG,26,True,2024-10-12 13:17:28
15901,7984557695,9492830.0,Prodigy of god,POG,40,9088071.0,EYE Gaming,EYE,44,False,2024-10-12 13:40:11
15901,7984564131,8831040.0,Ghost Sheep,GS,13,9504780.0,Rakuzan,Rakuzan,40,False,2024-10-12 13:43:53
17119,7984592920,9247354.0,Team Falcons,FLCN,25,9303484.0,HEROIC,Heroic,25,False,2024-10-12 14:04:58
17111,7984595534,9530947.0,Palianytsia,PLNTS,38,5014799.0,Nemiga Gaming,Nemiga,11,True,2024-10-12 14:02:17
16933,7984628914,7976226.0,Hunghung and friend,VIE,32,9538207.0,Myth Avenue Gaming,MAG,35,True,2024-10-12 14:30:11
15901,7984646360,8831040.0,Ghost Sheep,GS,35,9504780.0,Rakuzan,Rakuzan,51,False,2024-10-12 14:31:13
17111,7984699682,5014799.0,Nemiga Gaming,Nemiga,7,9530947.0,Palianytsia,PLNTS,28,False,2024-10-12 14:57:53
16251,7984715009,9565413.0,,,37,8784646.0,,,34,True,2024-10-12 15:06:48
16251,7984723523,8993358.0,ProfGameTeam,PGT,34,9302533.0,,,42,False,2024-10-12 15:11:26
16251,7984724518,2920343.0,SuperNaturalTeam,[SNT],11,9556188.0,С пацанами на велике,ABOBA,37,False,2024-10-12 15:11:20
16251,7984724806,9024302.0,SV1N,SV!N,29,9361508.0,,,41,False,2024-10-12 15:12:05
16251,7984724806,9024302.0,Palmolive,SV!N,29,9361508.0,,,41,False,2024-10-12 15:12:05
17119,7984737209,9247354.0,Team Falcons,FLCN,35,9303484.0,HEROIC,Heroic,21,True,2024-10-12 15:24:57
16251,7984751061,9395426.0,DaPoebatNam,poebat,49,9546398.0,Times New Roman,TNR,25,True,2024-10-12 15:27:14
15901,7984795427,9223797.0,Prodigy of God,,34,9524130.0,Dominion,DOM,47,False,2024-10-12 15:51:05
16933,7984800267,7976226.0,Hunghung and friend,VIE,8,9538207.0,Myth Avenue Gaming,MAG,27,False,2024-10-12 15:52:56
16251,7984841884,9270650.0,,,51,9556883.0,bob3r,bob3r,25,True,2024-10-12 16:17:16
16251,7984844625,9555223.0,MilfHunter,MHunter,15,8951404.0,FalconBlade,FB,34,False,2024-10-12 16:18:03
16251,7984847956,9565413.0,,,22,9556188.0,С пацанами на велике,ABOBA,46,False,2024-10-12 16:19:54
16251,7984865872,9395426.0,DaPoebatNam,poebat,31,9511394.0,Чурка net,,31,True,2024-10-12 16:30:44
15901,7984895215,9545682.0,Dominion,Dominion,32,9223797.0,Prodigy of God,,17,True,2024-10-12 16:46:44
17119,7984902984,8291895.0,Tundra Esports,Tundra,30,36.0,Natus Vincere,NAVI,10,True,2024-10-12 17:02:21
17111,7984918893,8838314.0,Matreshka,MT,24,9449748.0,DMS,DMS,14,True,2024-10-12 17:01:16
16933,7984925659,7976226.0,Hunghung and friend,VIE,13,9538207.0,Myth Avenue Gaming,MAG,20,False,2024-10-12 17:07:02
16251,7984954327,9361508.0,,,53,9556188.0,С пацанами на велике,ABOBA,47,True,2024-10-12 17:22:15
15901,7984999796,9482420.0,EYE Gaming,EYE,45,9444453.0,Elite Eclipse,EE,29,True,2024-10-12 18:00:46
17119,7985003339,36.0,Natus Vincere,NAVI,49,8291895.0,Tundra Esports,Tundra,36,True,2024-10-12 17:57:17
17111,7985071171,9449748.0,DMS,DMS,36,8838314.0,Matreshka,MT,5,True,2024-10-12 18:33:08
16251,7985098075,9395426.0,DaPoebatNam,poebat,42,9361508.0,,,19,True,2024-10-12 18:50:03
17119,7985116716,8291895.0,Tundra Esports,Tundra,29,36.0,Natus Vincere,NAVI,9,True,2024-10-12 19:04:07
15901,7985125189,9444453.0,Elite Eclipse,EE,42,9482420.0,EYE Gaming,EYE,12,True,2024-10-12 19:06:32
17111,7985159955,9449748.0,DMS,DMS,40,8838314.0,Matreshka,MT,20,True,2024-10-12 19:30:15
15901,7985191804,9482420.0,EYE Gaming,EYE,50,9444453.0,Elite Eclipse,EE,26,True,2024-10-12 19:52:10
17233,7985570643,8629315.0,Wiser Warriors,WW,44,8629005.0,Flawless Goblins,Fg,25,True,2024-10-13 03:21:23
17233,7985605372,8629005.0,Flawless Goblins,Fg,23,8629315.0,Wiser Warriors,WW,34,False,2024-10-13 04:06:31
17233,7985638423,8629317.0,Bright Crusaders,Bc,29,2443375.0,Foxy gaming,Foxy,46,False,2024-10-13 04:49:23
17233,7985671673,2443375.0,Foxy gaming,Foxy,31,8629317.0,Bright Crusaders,Bc,52,False,2024-10-13 05:30:47
17233,7985712980,8629317.0,Bright Crusaders,Bc,34,2443375.0,Foxy gaming,Foxy,30,True,2024-10-13 06:17:43
16933,7985716258,9547653.0,,,44,9538207.0,Myth Avenue Gaming,MAG,43,True,2024-10-13 06:30:10
17233,7985755924,9426115.0,Dark Rebellion,DR,30,8629318.0,Mad Monkeys,Mm,42,False,2024-10-13 07:00:17
17233,7985803909,8629318.0,Mad Monkeys,Mm,33,9426115.0,Dark Rebellion,DR,7,True,2024-10-13 07:44:59
17119,7985816345,9303484.0,HEROIC,Heroic,41,8291895.0,Tundra Esports,Tundra,25,True,2024-10-13 08:03:01
17111,7985825024,9420570.0,Quantum,QTM,28,8838314.0,Matreshka,MT,12,True,2024-10-13 08:03:51
16933,7985833991,9538207.0,Myth Avenue Gaming,MAG,16,9547653.0,,,40,False,2024-10-13 08:10:22
17233,7985841310,8629014.0,Dragon Blood,DB,54,9425660.0,Shadow Avengers,SAS,30,True,2024-10-13 08:16:51
15901,7985848471,9476778.0,Eye Gaming,EYE,38,9564888.0,Dominion,Dom,18,True,2024-10-13 08:22:55
17233,7985897146,9425660.0,Shadow Avengers,SAS,35,8629014.0,Dragon Blood,DB,24,True,2024-10-13 09:02:07
17111,7985903774,8838314.0,Matreshka,MT,51,9420570.0,Quantum,QTM,27,True,2024-10-13 09:07:23
15901,7985914025,9524130.0,Dominion,DOM,19,9476778.0,Eye Gaming,EYE,34,False,2024-10-13 09:14:56
17119,7985929572,8291895.0,Tundra Esports,Tundra,40,9303484.0,HEROIC,Heroic,22,True,2024-10-13 09:33:45
16933,7985933624,9547653.0,,,44,9564046.0,CSC,Kryfans,6,True,2024-10-13 09:30:17
17233,7985939485,8629014.0,Dragon Blood,DB,38,9425660.0,Shadow Avengers,SAS,37,False,2024-10-13 09:35:15
17111,7985988462,8838314.0,Matreshka,MT,44,9420570.0,Quantum,QTM,25,True,2024-10-13 10:13:19
15901,7986012894,8831040.0,Ghost Sheep,GS,47,9225431.0,TEIKO,,46,True,2024-10-13 10:35:34
15901,7986032045,9518076.0,Elite Eclipse,EE,27,9492941.0,Shinigami Gaming,,35,False,2024-10-13 10:46:10
17119,7986033321,9303484.0,HEROIC,Heroic,30,8291895.0,Tundra Esports,Tundra,25,True,2024-10-13 10:54:02
16933,7986037065,9547653.0,,,27,9564046.0,CSC,Kryfans,10,True,2024-10-13 10:49:08
15901,7986103499,9225431.0,TEIKO,,28,8831040.0,Ghost Sheep,GS,37,False,2024-10-13 11:34:34
17111,7986104685,8376696.0,One Move,Move,38,8838314.0,Matreshka,MT,26,True,2024-10-13 11:35:52
16933,7986115039,9547653.0,,,25,9564046.0,CSC,Kryfans,22,True,2024-10-13 11:42:10
15901,7986127357,9492941.0,Shinigami Gaming,,53,9518076.0,Elite Eclipse,EE,34,True,2024-10-13 11:50:04
17170,7986148888,7439813.0,,,34,9556060.0,,,9,True,2024-10-13 12:04:06
17119,7986228633,9247354.0,Team Falcons,FLCN,41,9303484.0,HEROIC,Heroic,43,True,2024-10-13 13:12:16
15901,7986240493,9467580.0,EYE GAMING,EYE,17,9504550.0,Prodigy of God,POG,44,False,2024-10-13 13:00:04
17170,7986291528,9426258.0,,,32,9187402.0,Elementary Gaming ,,10,True,2024-10-13 13:25:02
15901,7986319611,9439525.0,Prodigy of God,PoG,65,9467580.0,EYE GAMING,EYE,55,True,2024-10-13 13:42:28
17111,7986364101,9530947.0,Palianytsia,PLNTS,31,9256405.0,Level UP esports,LevelUP,10,True,2024-10-13 14:06:52
17119,7986449169,9303484.0,HEROIC,Heroic,28,9247354.0,Team Falcons,FLCN,26,True,2024-10-13 15:02:31
16251,7986468325,9493574.0,BezCifr,BC,30,9433856.0,xdxdxd,XD,19,True,2024-10-13 15:04:20
17111,7986471213,9530947.0,Palianytsia,PLNTS,38,9256405.0,Level UP esports,LevelUP,23,True,2024-10-13 15:06:03
16251,7986474273,9344855.0,,,35,8143111.0,,,9,True,2024-10-13 15:07:23
15901,7986547163,9530716.0,Air Defence,AD,37,9225431.0,TEIKO,,27,True,2024-10-13 15:48:57
16251,7986582894,9344855.0,,,35,9024302.0,SV1N,SV!N,46,False,2024-10-13 16:10:03
16251,7986582894,9344855.0,,,35,9024302.0,Palmolive,SV!N,46,False,2024-10-13 16:10:03
17119,7986595492,9247354.0,Team Falcons,FLCN,32,9303484.0,HEROIC,Heroic,33,False,2024-10-13 16:22:36
15901,7986634125,9225431.0,TEIKO,,35,9530716.0,Air Defence,AD,46,False,2024-10-13 16:39:52
16251,7986669845,9024302.0,SV1N,SV!N,19,9493574.0,BezCifr,BC,48,False,2024-10-13 17:02:20
16251,7986669845,9024302.0,Palmolive,SV!N,19,9493574.0,BezCifr,BC,48,False,2024-10-13 17:02:20
17111,7986670732,5014799.0,Nemiga Gaming,Nemiga,35,9247798.0,Passion UA,PassionUA,17,True,2024-10-13 17:03:17
17119,7986751548,9303484.0,HEROIC,Heroic,34,9247354.0,Team Falcons,FLCN,8,True,2024-10-13 18:01:36
15901,7986759798,9563873.0,,,32,9504550.0,Prodigy of God,POG,51,False,2024-10-13 17:59:50
17111,7986769835,9247798.0,Passion UA,PassionUA,42,5014799.0,Nemiga Gaming,Nemiga,18,True,2024-10-13 18:07:01
16635,7986852524,8850100.0,TOXIC TEAM,Tt,41,8850016.0,FLYING FORTUNE,Ff,25,True,2024-10-13 19:03:56
17111,7986856839,5014799.0,Nemiga Gaming,Nemiga,50,9247798.0,Passion UA,PassionUA,12,True,2024-10-13 19:06:12
15901,7986880006,9504550.0,Prodigy of God,POG,42,9563020.0,Elite Eclipse,,51,True,2024-10-13 19:22:14
16635,7986911894,8850016.0,FLYING FORTUNE,Ff,22,8850100.0,TOXIC TEAM,Tt,28,False,2024-10-13 19:47:48
16635,7986966740,8987220.0,HolyTeam,HT,32,8957156.0,Silent killer,sK,16,True,2024-10-13 20:34:31
16635,7987005260,8957156.0,Silent killer,sK,28,8987220.0,HolyTeam,HT,15,True,2024-10-13 21:13:28
16635,7987040222,8987220.0,HolyTeam,HT,36,8957156.0,Silent killer,sK,28,True,2024-10-13 21:55:21
16635,7987072808,8849833.0,VERTEX PACK,vP,30,8849837.0,FALL VICTIMS,FV,15,True,2024-10-13 22:42:13
16635,7987092383,8849837.0,FALL VICTIMS,FV,31,8849833.0,VERTEX PACK,vP,40,False,2024-10-13 23:14:52
16635,7987118327,8970060.0,Moonwalkers,MW,33,8849817.0,ZEUS THUNDER GOD,ZTG,21,True,2024-10-14 00:02:41
